,oof_bl1,oof_bl2,oof_bl3,oof_meta
tcga-05-4249,-0.6366351963038173,-0.5911119892176692,-0.48333907875602633,-0.37953814954654175
tcga-05-4250,0.7686235166828655,1.3788317584456138,2.4345740532114535,2.2241317831844505
tcga-05-4382,0.675462623942279,-0.18123404272556515,-0.04767388999443948,0.023096077687806173
tcga-05-4384,-0.364532024204949,0.20819301916839497,1.2875769272320405,1.2231234981471744
tcga-05-4389,0.268190583826756,-0.022244615718582297,0.5877611142234753,0.522586999762244
tcga-05-4390,0.4225286582956683,0.005551419082251189,-0.31078123247711714,-0.20692964341583797
tcga-05-4396,-0.20041292903676333,0.1942709250685488,1.2686960627326378,1.2161245647351477
tcga-05-4397,0.515596007535696,0.5964659916727371,0.3451265872809321,0.32653237586323447
tcga-05-4398,0.8182619515132422,0.38367865214492175,1.0189002602138566,0.9952214536527338
tcga-05-4402,0.626018023244815,-0.6584322625668275,-0.30887206296534736,-0.19245755928055924
tcga-05-4403,0.03621782575018078,0.4382787228867575,0.040583613723289357,-0.011314312598138018
tcga-05-4405,-0.5400848967334678,0.21612647489016662,-0.22184870066363954,-0.22186598191612047
tcga-05-4415,0.8626839797262176,0.5093271988575937,2.17790428925019,2.099846109839327
tcga-05-4417,-0.13877033836959365,-0.7325569909275198,-0.8662712055805561,-0.7812042348727931
tcga-05-4418,0.963058908320434,0.7488483312455804,1.757910100785087,1.5860714068680255
tcga-05-4420,0.023370803402583056,-0.012173509846960435,-0.3891648969048918,-0.30539507427487206
tcga-05-4422,-0.5008370641938913,-0.7389760441769379,-0.23947548560041787,-0.1084527082432068
tcga-05-4424,0.48529843238087733,-0.04896940975946987,0.10500172569752252,0.10377348986372614
tcga-05-4425,-0.15523081792313687,0.4869503396117188,1.0316890168022612,0.9363677049787508
tcga-05-4426,0.24302688229139502,0.5178457921069884,0.486928521636317,0.4170845531208044
tcga-05-4427,-0.3954552359684886,-0.35211164664542505,0.0016379108104220032,-0.029937966765111346
tcga-05-4430,0.6038092729929342,-0.22211099510537255,-0.794271501381917,-0.6867422868918721
tcga-05-4432,0.7836485668015764,-0.18511228389509984,-0.05234559357225808,-0.029625010936537174
tcga-05-4433,-0.13866396346474316,0.2831269076593345,0.5061861905432693,0.44716449200246483
tcga-05-4434,0.26690713816846123,0.21857778148752177,0.4050048615833807,0.3483741359915634
tcga-05-5420,0.43200400482293644,0.5631402814506166,1.0536161064423004,0.8805431402939307
tcga-05-5423,-0.41299297117006606,-0.304992087265663,-0.515451275191304,-0.46839071600359966
tcga-05-5425,0.4561106556803587,0.45046026153429763,0.588522409661647,0.4940454626220227
tcga-05-5429,0.8215173663474175,0.9642285331899111,1.381553334355772,1.2906532213633033
tcga-05-5715,-0.015382578605218118,0.4018114045919865,0.31351274834163506,0.2517569938478763
tcga-35-3615,-0.2536209955505549,0.3367178857476166,-0.18385303632548994,-0.2283645251039019
tcga-35-4122,1.5456115296532744,0.6894409096090273,0.8396697323486756,0.8113340981446989
tcga-35-4123,0.6385281312397817,0.32289967107572787,0.13300802542911044,0.1319445885854362
tcga-35-5375,0.7416851588796525,0.6009408392422273,0.6717846553721308,0.6230705778761819
tcga-38-4625,-0.28726293886334875,0.054084915443776006,0.1695903915415767,0.09569353118421445
tcga-38-4626,-0.12002710645831387,-0.35685915659843276,-0.28902177688930974,-0.2186357269103016
tcga-38-4627,0.027506862412465458,0.5142347222680256,0.6317248138061622,0.5220183191318971
tcga-38-4628,-0.40009761207132305,-0.05654243826800366,-0.13321052433263106,-0.16849483749920136
tcga-38-4629,1.7434299318947304,0.7810074952002599,0.8008207031240321,0.7669369748480863
tcga-38-4630,0.15814265864621796,0.6685855699557076,0.4406174965562463,0.34534194930647794
tcga-38-4631,0.5373726925739875,1.7207069719685655,0.8817212433270568,0.6888101743429562
tcga-38-4632,-0.4415159045883125,-0.05306604400626546,-0.31897259079000306,-0.2921795468042698
tcga-38-6178,-0.16393153303222716,0.053199815290209375,1.1072054249783672,1.0852307204676295
tcga-38-7271,-0.5820851080977234,-0.2159011068378569,-0.4801726389959588,-0.4740447627990895
tcga-38-a44f,-0.6040624620201257,-0.43765874517047393,-0.20747551481232376,-0.2082483077925508
tcga-44-2655,-0.22890966430616594,0.36276652828672584,0.16442310218559655,0.06273708298733471
tcga-44-2656,0.6520713438764443,-0.07013198711801952,-0.4037562589034157,-0.3390732101309678
tcga-44-2657,-0.35541621063471934,-0.542852790651589,-0.6015016585301924,-0.5124747228421419
tcga-44-2659,-0.482589403441368,-0.7046160778249234,-0.5680173006266913,-0.5277332238037911
tcga-44-2661,-0.28256806991115213,0.2515315326948833,-0.07676464930744,-0.06927610654470301
tcga-44-2662,0.09007578417827582,0.07374768857112024,-0.263124549403036,-0.19868944871200678
tcga-44-2665,0.3787250246909735,0.2545895004467385,-0.21206370534353286,-0.2069222996071906
tcga-44-2666,-0.17976594775703555,0.8490177088451085,-0.3636537118516228,-0.48907790362096204
tcga-44-2668,0.06196786297014435,0.21698906642508134,-0.1624418890318737,-0.16930867923883686
tcga-44-3396,-0.17291757577316452,0.35284557173495273,1.4855114804977032,1.401427570774075
tcga-44-3398,-0.5466682399651207,0.46850603223418735,0.08117934001400683,0.06739196104009912
tcga-44-3918,0.46903801591492394,-0.2586512092124753,-0.4334810934492308,-0.37430341269618994
tcga-44-3919,0.4020039927648254,0.02185416109963896,-0.23711853093440652,-0.18167259945814912
tcga-44-4112,0.951625603044665,0.384867641970776,0.0562440237191279,0.08315223926263038
tcga-44-5643,-0.30710619922482335,0.22420850266741565,0.9475111977719014,0.8043103724525326
tcga-44-5644,-0.10223800359669617,0.2976963365665074,-0.46694232747432196,-0.5047935636125783
tcga-44-5645,0.19435753819893445,0.02200179889066062,-0.5009215251525332,-0.4343866379540317
tcga-44-6144,0.9436829991140043,0.7976082981012955,0.16174804038251803,0.18101139515231313
tcga-44-6145,-0.11907925588693587,0.37390339383112536,-0.030542099541618455,-0.0779564900570098
tcga-44-6146,0.24412552540109084,0.6360463105864524,0.23179887371568036,0.15206028122049708
tcga-44-6147,0.19494103605341268,0.5065888290452762,0.4481321476433598,0.4100830420121515
tcga-44-6148,-0.5805888428679278,-0.3092363958308317,-0.5292583779962486,-0.47365428684314315
tcga-44-6774,-0.18425798710904348,0.09922399783426712,0.8817338196289392,0.6845839400004575
tcga-44-6775,0.7008998146469513,0.3792772121146454,0.42036262527515095,0.39615698979859143
tcga-44-6776,-0.201721078085271,0.6244729281439587,-0.4271588120912743,-0.5339806442669636
tcga-44-6777,-0.1712766529345306,0.03909057855388041,-0.047645911373930955,-0.08068971529989906
tcga-44-6778,0.32260307052837917,0.1646996653043327,-0.044117790271254696,-0.028777923433881563
tcga-44-6779,0.5211677531452016,1.2565860009247372,0.5776717454160674,0.3962931857564752
tcga-44-7659,-0.5704002573415737,-0.3452106633944662,-0.4951494152744843,-0.4459783465289055
tcga-44-7660,0.5450132024558181,0.3141480362647101,0.13603787843364434,0.161054223430403
tcga-44-7661,0.948859257403726,1.3334896509390746,0.613433006134824,0.5939856267585131
tcga-44-7662,0.6771117476661216,0.3132918666614787,-0.14891182878416667,-0.09286880204862943
tcga-44-7667,0.9612851937499631,-0.05985437959717047,-0.6797176484992263,-0.49082800569374363
tcga-44-7669,0.8775871543070788,-0.25360738636168667,-0.13621852515642754,-0.10235819911639388
tcga-44-7670,0.20307039021845327,0.5791966257035228,0.34678136674118964,0.27208895813146705
tcga-44-7671,-0.048342164208479144,0.44597814715582773,0.18578805423868866,0.14784520575892246
tcga-44-7672,0.2117095937831873,-0.17552762377723088,-0.5976852843393854,-0.5253733260511552
tcga-44-8117,-0.2922358090346136,0.47996626013046867,-0.2835843205350104,-0.3527458940556063
tcga-44-8119,0.8956470551553779,-0.23681582180317862,-0.20418798332071683,-0.0815379350091035
tcga-44-8120,-0.4758876362660127,-0.05417999192375684,-0.30782383341629777,-0.28646096787680286
tcga-44-a479,0.02960302333499597,-0.15207174036115548,-0.7773201512513678,-0.6138053135167358
tcga-44-a47a,-0.10122656626729272,-0.0886972904084592,-0.06462122579110503,-0.06157388669213105
tcga-44-a47b,-0.3515983963043101,-0.29327158390873675,-0.651020280395966,-0.5493408692695688
tcga-44-a47g,0.41915347151092935,-0.22777046107686727,-0.19624818540767996,-0.1183305307634161
tcga-44-a4ss,-0.007498347901633044,1.094617598414429,0.32096877882675073,0.2640970519865258
tcga-44-a4su,-0.48597300489626294,-0.4288926478916003,-0.638492728216213,-0.5653751433792468
tcga-49-4486,-0.9186872132075751,0.09797058361710285,0.19786643222897987,0.15159786502985206
tcga-49-4487,0.2752361323823056,0.04369603569067236,0.06798244060235342,0.08041554672930243
tcga-49-4488,0.1937419131760643,-0.149972045362135,-0.4316280972370915,-0.3247729641265815
tcga-49-4490,-0.32015852422793367,0.27743013631566127,0.3273306466981457,0.23408093883699987
tcga-49-4494,0.6752093266469815,0.7475403082786749,1.7847716503418083,1.6741687977297541
tcga-49-4501,0.4994189456353964,-0.3140498437797738,-0.6541965271660987,-0.4783454468226729
tcga-49-4505,0.3107513707737892,-0.19006330117174966,-0.7434547280587025,-0.6461973207882606
tcga-49-4506,1.087510362327403,1.3484207220252469,1.1865702814669183,1.1012901017812502
tcga-49-4507,0.7332684606022262,1.9297126896412298,2.5222998043965954,2.1871134051160426
tcga-49-4510,-0.39707298922595663,-0.4094490442567235,-0.9907040726223435,-0.8237998018145278
tcga-49-4512,-0.1692961202943557,-0.4262983074619117,0.2511962662286646,0.18156664618762194
tcga-49-4514,0.2237308971463866,-0.13167309141638855,0.08107407018672445,0.1156897666463064
tcga-49-6742,-0.07183752713598457,-0.10896016886549989,-0.1237710463990996,-0.11320212871249385
tcga-49-6743,-0.2028493480499818,0.9424148696310152,1.313800933750753,0.9744510002978573
tcga-49-6744,0.5618925555565434,0.31498566779821874,0.18132827247868533,0.1762574172437697
tcga-49-6745,-0.17360946432867883,-0.06892722982527597,0.9426631707492317,0.8303786929677637
tcga-49-6761,0.2788265222080792,0.13761188028085822,0.7837427980870822,0.6986114063350006
tcga-49-aaqv,0.19735715947585505,0.09145635034341772,-0.6224381163611489,-0.5824914916902997
tcga-49-aar0,0.4212090758463512,-0.5262818048071383,-0.6575608129494973,-0.4519696914639607
tcga-49-aar2,-0.27626383288856093,-0.27247652795307964,-1.0423335053217415,-0.8526706825180113
tcga-49-aar3,0.17164969343583134,1.2022407273331321,0.03422047905992592,-0.17878731547811189
tcga-49-aar4,-0.44567843912816874,0.3334981880722076,0.5904681981535526,0.5169018989282542
tcga-49-aar9,1.25867416113808,1.9640616470123762,0.5152196947068445,0.24874323327186162
tcga-49-aare,0.9305446549272027,-0.047543201429527976,-0.4719776238186767,-0.39111449448028957
tcga-49-aarn,-0.541310548363544,0.0004281062815787022,-0.7923731044432881,-0.7898862807306947
tcga-49-aaro,0.39246314307858743,-0.6633964696937719,-1.0845031189755718,-0.9572430318529404
tcga-49-aarq,-0.16811297284704696,-0.1158462426197908,-0.8838153086907808,-0.8044408891609537
tcga-49-aarr,-0.44060073381862114,-0.5579022805159547,-0.45457347287228034,-0.44125966253838267
tcga-4b-a93v,0.6992526442764108,-0.3797611996429301,-0.6483621520375881,-0.43617490438804973
tcga-50-5044,0.9266378085486305,1.241905944927291,1.5637978921324496,1.382859478383371
tcga-50-5045,0.42546537975734233,-0.1500693597234948,-0.5514348703600147,-0.4647533860294992
tcga-50-5049,-0.11561527391398248,0.08789267463453605,-0.17359098255384062,-0.1961462122642807
tcga-50-5051,0.12705635556503453,-0.26207739532179136,0.2505471060794793,0.2802764287216087
tcga-50-5055,-0.03998023057349943,-0.5376962478611911,-0.7145147254065137,-0.629252459652464
tcga-50-5066,1.0401742658352806,0.27248700930544395,0.05047760761305816,0.0778666971287562
tcga-50-5068,-0.4421271562463306,-0.5889199130663176,-0.9129827637078978,-0.8269625219915143
tcga-50-5072,1.0132994890527858,1.3958195026658582,2.0815241680521983,1.9260033486106205
tcga-50-5930,0.07437003271355107,0.4991920787440835,0.7861857533900768,0.6355371654337215
tcga-50-5931,0.36574029010679315,-0.049511938733498795,0.20343642480108842,0.22832490764632646
tcga-50-5932,0.6422299622698777,0.2963273544725223,0.3773135524343699,0.3549145811900467
tcga-50-5933,0.31237167974312274,0.06737362344010933,1.5074686375364275,1.4407785794449055
tcga-50-5935,-0.2637185778275303,-0.2012648193645235,-0.23503396236948426,-0.21072925678206325
tcga-50-5936,0.20745434670721583,0.4549833880952082,0.6570545428189561,0.544822487692214
tcga-50-5939,0.801745113052803,1.148150492798238,0.5322546136126786,0.38628141171088715
tcga-50-5941,-0.24176616852143162,-0.26335363486934127,0.3702929073952711,0.27079347106196894
tcga-50-5942,-0.5798977562886708,0.2737462381537159,-0.2593164369373786,-0.36520423303712757
tcga-50-5944,-0.3243961637204408,0.5159886038260731,-0.29300391467279563,-0.39979062500678997
tcga-50-5946,-0.07752401263490452,0.1746875508693161,-0.2975414992220943,-0.32719602953153654
tcga-50-6590,0.7504360436929165,-0.06499868708883227,0.5504895041570447,0.6207551621756253
tcga-50-6591,0.10123449183201144,0.7085480609798909,0.7511296005653146,0.622091012451608
tcga-50-6592,0.9361190417955294,1.4792297021601113,0.8256827477615185,0.7833571069197431
tcga-50-6593,0.550143723508586,0.4219753202708076,0.5695547912695074,0.5241626943171951
tcga-50-6594,0.5700841798681606,1.0419297760823705,1.282364714698507,1.0237681168027946
tcga-50-6595,0.31333935127036494,0.2564531253794122,1.2036592196937155,1.1699740047309104
tcga-50-6597,-0.353929930883375,-0.2717874096172308,-0.2715613596844749,-0.29035928124072985
tcga-50-6673,1.0326942066089349,0.23245246847770198,0.6165932662261892,0.6891049891227402
tcga-50-7109,0.06708519201756623,-0.28483360045876366,-0.4204957362968452,-0.3741102350307833
tcga-50-8457,-0.5627376311769374,-0.4714017823361493,-0.6671034420441991,-0.5928254062964466
tcga-50-8459,0.37632722413441927,0.08113639110596922,0.22283224616178113,0.24015876939729525
tcga-50-8460,-0.4311508854256455,0.019712709330902904,-0.7243215941448727,-0.7622412549283765
tcga-53-7624,0.8283961863163566,1.6150039364837434,0.6009728757319259,0.3368493914845774
tcga-53-7626,-0.20083810642931732,-0.4738383254556909,-0.2282849401708352,-0.20312728232380411
tcga-53-7813,-0.09664513637504979,0.07975680866057036,-0.30607759199777396,-0.26965185489719895
tcga-53-a4ez,-0.32705983091743956,-0.1733310926245012,-0.30413591559646075,-0.2607026350757603
tcga-55-1592,0.34358730577334196,0.4072193936472838,0.03425058321180019,-0.010895799538430971
tcga-55-1594,0.4646395029807049,-0.7185626084696712,0.5678601283727998,0.4944369864695652
tcga-55-1595,-0.4734543200770294,-0.08969953717797673,-0.28582331217152374,-0.2690862307603238
tcga-55-1596,0.3295050812649229,0.32693652714423943,-0.13645709075061002,-0.07446075904946223
tcga-55-5899,1.4842101190345274,-0.4703186843332394,0.04582077031000859,0.06858202757895046
tcga-55-6543,0.07574554151067246,-0.08520132104074596,-0.14110075522889837,-0.11124241888353781
tcga-55-6642,-0.0002804902044549346,-0.09986134653033374,-0.3398406299313331,-0.2691447074299321
tcga-55-6712,0.4618942034822511,0.9187305165596374,0.5305987795602212,0.4989384098167619
tcga-55-6968,-0.6338749220978556,-0.6152356806595722,-0.1319843352954529,-0.09344823010017822
tcga-55-6969,0.3569178839247921,-0.3268159577946077,-0.5261223748772034,-0.412978044564111
tcga-55-6970,0.5411350786604255,0.22292857426010887,0.6511212034626315,0.591018767005248
tcga-55-6971,0.9796587392025448,0.2040074402644283,-0.0666070022650484,0.04203365089432683
tcga-55-6972,0.49682402552188626,0.09990033389440038,-0.06174219184492142,-0.038958121171899694
tcga-55-6975,-0.23906844228788401,0.6126782535108919,-0.1316837007078879,-0.27046430691994755
tcga-55-6978,-0.23163170298683647,-0.42630145628316696,-0.06885467614597526,-0.07789211215274722
tcga-55-6979,-0.23506031101919778,-0.3286355783927757,-0.3506708608881458,-0.2936128737156164
tcga-55-6980,0.10092621159950897,-0.06016176232169932,-0.500923466074038,-0.4489473183214916
tcga-55-6981,-0.4445516765312565,-0.17111409338185019,0.32813407807400513,0.21975104547665184
tcga-55-6982,-0.11808204625254656,-0.0903216433803097,0.08091511584379563,0.05393731246417218
tcga-55-6983,0.01250184605998935,0.18071285514687155,0.19139129673831548,0.17941786422239608
tcga-55-6984,0.2718714878056193,0.34063673889329843,-0.0903177967861525,-0.06450818398430508
tcga-55-6985,-0.4331391229317385,-0.5175305309740761,-0.5477027989312319,-0.476642089910388
tcga-55-6986,0.18155498068595666,0.10397029045879574,-0.09373194673610401,-0.075282063458286
tcga-55-6987,0.3824574732951525,-0.3060765718068008,0.006277112831853452,0.008505946677204366
tcga-55-7227,-0.33341279207409574,0.29629453412404055,1.6191904014233736,1.5328882877168515
tcga-55-7281,-0.48842108752239966,-0.411627682400729,-0.35830802614506424,-0.33705614481233587
tcga-55-7283,-0.8654715389345672,0.28055302372142477,0.7265805031773974,0.5076756357500809
tcga-55-7284,0.054307690805192266,0.21033838358355345,-0.10141648320711948,-0.1090475322252599
tcga-55-7570,1.2876776656153526,1.0610889144883795,0.3060879647758633,0.2305031933303016
tcga-55-7573,-0.5865648502065229,-0.32158341001687174,-0.58851657766257,-0.5526524891173726
tcga-55-7574,-0.09146755321807365,-0.36844658867191893,-0.738761981687508,-0.6596884558977942
tcga-55-7576,-0.4848742429403977,0.26530590491336725,-0.10026864035641758,-0.12004172932902445
tcga-55-7725,0.709813633295667,0.09808601417777113,-0.17646059140936937,-0.09813554385820576
tcga-55-7726,0.5574719411665331,1.3637332179062513,0.728688345840148,0.46449004240001285
tcga-55-7727,-0.011951552300617075,-0.043566007475159575,0.5208096199222783,0.4559103859324666
tcga-55-7728,0.07652007104192772,-0.4175027550778274,-0.23864922156269605,-0.13771503180835568
tcga-55-7815,1.452529504777104,0.1579471218044087,0.21070080873994043,0.37790328757832325
tcga-55-7816,-0.5057612409382257,0.372911835823846,0.44223557417143544,0.30917902013635495
tcga-55-7903,-0.04775725746358361,-0.12113234565772801,-0.3724047249857934,-0.3580881107606381
tcga-55-7907,-0.87042013989593,-0.456893864594856,-0.5955441065575476,-0.6490812470595478
tcga-55-7910,-0.055252339231554495,-0.47844565055949195,-0.5071078673102424,-0.40989522154541613
tcga-55-7911,-0.49978950392559135,-0.2535433821743773,-0.2891413362539224,-0.33051598029829965
tcga-55-7913,0.20992244416398473,0.4293480777840799,0.007755865155591939,0.02200062597460696
tcga-55-7914,-0.47122631682440064,0.29224415553408417,0.007490394675590223,-0.1149497270398768
tcga-55-7994,-0.14527960798954576,0.024207130078908724,0.5564038486555869,0.48519087120052423
tcga-55-7995,0.4626077479730481,-0.5031987262879941,-0.13630552240197966,-0.11907747003968464
tcga-55-8085,0.13997001795708416,-0.33387838654280133,-0.473225006320406,-0.4000355639236969
tcga-55-8087,-0.3647106753343773,-0.1710344380777504,-0.8163333037742652,-0.7627283277788613
tcga-55-8089,0.33566601906167426,1.4199185870882516,0.3811024016623855,0.16591458493493325
tcga-55-8090,0.2211792206210533,0.6446378501531267,0.36315664975842793,0.31455800759706287
tcga-55-8091,0.07941103610771792,0.011241113878591025,0.3551516646734415,0.32926084787283305
tcga-55-8092,-0.323541699671664,0.230577467214809,0.3292516932444071,0.2195717210493174
tcga-55-8094,0.7034797458491129,0.9517523399335606,0.5398523089715971,0.3885572203651678
tcga-55-8096,0.47784740566315625,-0.17894679857032753,-0.3901498109685078,-0.2995394445183611
tcga-55-8097,-0.7097774174020094,-0.23368538835464928,-0.7034838078239133,-0.6229010609560779
tcga-55-8203,-0.4798873071980125,-0.5908828039610597,-0.6485158807800679,-0.6255504893310477
tcga-55-8205,0.14429893945851527,0.4706942992685031,0.4035797626754674,0.33821635257332644
tcga-55-8206,-0.5489355578977427,0.3605010740792087,-0.3807050260903875,-0.49683535793892936
tcga-55-8207,-0.1787188143741649,-0.06425474703043374,0.22773012058075948,0.1936664462042578
tcga-55-8299,0.0858075205603314,1.1461632458922655,0.41167178256247156,0.22981602115777142
tcga-55-8301,0.6230178743373227,-0.15435135805174163,-0.6566706688046102,-0.4643895189964692
tcga-55-8302,0.4291462383254181,0.24308958662062816,0.24549247905727983,0.22012886619607624
tcga-55-8505,0.84452648914947,1.6752238144461653,1.79224302724506,1.5128402370631782
tcga-55-8506,-0.6108009797303908,-0.20613517762876069,-0.3191328951853867,-0.3344456673235801
tcga-55-8507,-0.46185651263750815,-0.3895845066285251,-0.5195818164135814,-0.46258500827903026
tcga-55-8508,0.13320740037034992,0.21433239424280867,-0.5774929777120591,-0.564249154681798
tcga-55-8510,-0.08021450985861706,0.3980621447635167,-0.3074648307195199,-0.35013581126148885
tcga-55-8511,-0.6925993542886182,-0.04543804362492829,-0.012720608974827845,-0.018808191783961065
tcga-55-8512,-0.3485059209093101,-0.44425667232897875,-0.005900964790990719,0.07627573813992455
tcga-55-8513,-0.4852158508279056,-0.5007438896048138,-0.19869273378962984,-0.15614260565282348
tcga-55-8514,-0.4808104067567488,-0.2559911205496897,-0.4757706619215639,-0.42175897727643463
tcga-55-8614,0.6405043646980213,0.07752192255588315,0.4768109783648806,0.5101916507177233
tcga-55-8615,-0.4606728426515243,-0.19973876867382012,0.5620583907365816,0.40356510174342486
tcga-55-8616,-0.3021764259958174,-0.5710321928254494,-0.8484356057296725,-0.7898264112924229
tcga-55-8619,-0.6246808587691913,-0.6793196462871743,-0.1677520465281006,-0.11269358768989492
tcga-55-8620,-0.027440095622260702,-0.41890447328820746,0.00766530301334534,0.07136322001916429
tcga-55-8621,-0.550292568688332,0.0627111688872195,-0.19430478631993284,-0.20699192128619753
tcga-55-a48x,-0.4672501222834261,-0.07894701722057591,-0.4802224289225305,-0.4226010909222838
tcga-55-a48y,0.024774458313341834,0.12627180880679087,-0.06988235690803184,-0.05092366838834311
tcga-55-a48z,0.05353678400836217,-0.38963379572908297,0.45916595806446353,0.39562400822641636
tcga-55-a490,-0.4862714503615793,-0.14434268779591902,-0.25014138170830297,-0.26826974733568687
tcga-55-a492,-0.3063684515285129,-0.6146513129850713,-0.4736080971393907,-0.43267926251945094
tcga-55-a493,1.2235167958476678,0.7559178974467986,0.08796554348852283,0.12663992653805506
tcga-55-a494,-0.48922558182590475,-0.27891787679109137,-0.33725595719522494,-0.2834616798891442
tcga-55-a4df,0.07125712139857714,0.11806805577347593,0.4533070207999347,0.44902136503346335
tcga-55-a4dg,-0.746313332387744,0.09581994446478656,-0.3249130632897008,-0.4419341987096904
tcga-55-a57b,-0.3369256470781288,0.32194828770626055,0.16320780807304366,0.10815105290427243
tcga-62-8394,0.27353401822738127,0.5988648892665336,0.6990078262973631,0.543485325802061
tcga-62-8395,-0.4594366790594467,-0.1531487145071278,-0.0464441415492873,-0.02013764317359921
tcga-62-8397,-0.5618841617091653,-0.6097820408550648,-0.5778145694033817,-0.5129450512421929
tcga-62-8398,0.9850780341192888,0.6745581321989907,1.9549656062739504,1.8885073293133774
tcga-62-8399,-0.31760274348140277,0.206813997383127,0.7374449864110598,0.6893718240706771
tcga-62-8402,0.44746087959405517,-0.43362287568829994,0.7401532461679261,0.6517739327628942
tcga-62-a46o,1.110887890027997,1.105507019442387,0.09240438195288704,0.008017179825191623
tcga-62-a46p,-0.9943167136403275,-0.5911262974462694,-0.4443770249728904,-0.43008496399683105
tcga-62-a46r,-0.4365175476164531,-0.3501904569996291,-0.6209611010293015,-0.6218520686900261
tcga-62-a46s,-0.26743078354774624,-0.4843136595346305,-0.24338020234300542,-0.1723603369754037
tcga-62-a46u,-0.1707842957379632,-0.2245958682677592,0.03917559031127268,0.023263636689534885
tcga-62-a46v,-0.8275580369288187,0.4171749919289914,-0.13269658245744556,-0.3112592733144647
tcga-62-a46y,0.15021497263500355,0.025181624162300468,0.5829958854463172,0.5523391475000176
tcga-62-a470,-0.21867534122674523,0.00404135714884454,-0.1812817766301733,-0.162328555294903
tcga-62-a471,1.0826666399920817,2.116510009154727,1.548537329302127,1.2239082818526121
tcga-62-a472,-0.4553909888486997,-0.10569390714485946,-0.07399723032315188,-0.07954635414170634
tcga-64-1676,0.2660652797275964,-0.2255179770063405,-0.3374962005445059,-0.2666926296901003
tcga-64-1677,0.40137939124894856,0.15378109505432927,0.5974200047390884,0.5875667935404928
tcga-64-1678,0.9517375824304126,0.2835516734795009,0.577734595612344,0.5766244761591959
tcga-64-1679,0.8433193194035178,-0.08589604920824535,1.0016908244832152,1.0128872088742618
tcga-64-1680,-0.38948266965144446,-0.11817312298135003,-0.36529340584407116,-0.4020098388727294
tcga-64-1681,0.11038646260330473,-0.7006704953012622,-1.088316601892715,-0.9688891540755941
tcga-64-5774,0.03436901680673649,-0.1422855281932934,-0.19116043442506908,-0.13613974939167586
tcga-64-5775,0.9750118206223,1.2871647481575685,2.232776119646054,2.015654984634874
tcga-64-5778,-0.19020848706495458,0.08743491727995106,-0.3567261079712748,-0.37017570978669223
tcga-64-5779,-0.3826391919756668,-0.12847367495938947,0.7015676219581062,0.5983749816891807
tcga-64-5781,0.39897267433441397,1.6218718919017872,1.0042634279778027,0.7419318191051916
tcga-64-5815,0.2980493578319521,0.2685385391469342,0.504902303732012,0.43082946246389336
tcga-67-3770,0.40850783714485,0.05158358521511909,-0.3010696341811685,-0.2444040380218983
tcga-67-3771,0.7710274175460623,0.06512756049010036,0.0892356348704548,0.15471082747005083
tcga-67-3772,0.5828493447750737,-0.5222362419647091,-0.42273447352730487,-0.36786510594637944
tcga-67-3773,-0.23572765066879203,0.20799264475022122,0.5158385403222828,0.38741526712045604
tcga-67-3774,-0.4652005476170889,-0.14945292866173837,-0.20628841669129538,-0.22523680378825453
tcga-67-4679,-0.8236731590702562,-0.340135825998172,-0.12461503286496195,-0.16107679531769944
tcga-67-6215,-0.32981351604598386,0.7109756855982305,-0.6494727999487675,-0.7519760425265123
tcga-67-6216,-0.29418961758103007,0.09090125099449124,-0.268984970219993,-0.3047409060855246
tcga-67-6217,-0.43326740440488026,-0.766801753247726,-0.857552890209123,-0.7821044561966597
tcga-69-7760,0.9630792238939285,1.0004341084777475,0.5639633525663935,0.5381069944514048
tcga-69-7761,0.0945960881058859,0.2857113377467988,0.4617817791644328,0.41438865305174644
tcga-69-7763,-0.4371288409759275,0.4934177006865967,0.08277798286117113,0.07225566057888701
tcga-69-7764,-0.3850543435016933,0.2740777951166423,0.2885752030305691,0.236143603324985
tcga-69-7765,0.5705066614376315,-0.015305670445638679,-0.5331154156502645,-0.45357543644680576
tcga-69-7973,0.10372353031234448,0.10552959294994523,-0.7269691122584475,-0.6962617754094418
tcga-69-7974,0.7552470474850708,-0.26224362792404143,0.9048093346569342,0.9932020971371055
tcga-69-7978,0.3491040541423317,0.6345942697153855,0.2703345496036166,0.2524521211329848
tcga-69-7979,-0.08072683594127321,0.537088095423728,-0.0794950497392167,-0.06471620610985958
tcga-69-7980,-0.01909555369155165,0.3737746200811091,0.13497932305033794,0.08897951792112443
tcga-69-8253,0.38217285679379054,0.16714019195554072,0.05664359465099538,0.08212835386048653
tcga-69-8254,-0.7049062614427714,0.2765149557527715,0.2640748592536984,0.19430771833828858
tcga-69-8255,-0.6931839421518736,-0.7044626244945899,-0.09232080321528535,-0.1155552981581896
tcga-69-8453,-0.0645562036277726,-0.3346395534505346,0.08030406458249678,0.11661331100080566
tcga-69-a59k,0.17114722063040014,-0.37254909820105475,0.12269333002742601,0.21764112805152686
tcga-71-6725,-0.421893166166939,0.1666517846808676,-0.8220202965548353,-0.7293382904923432
tcga-71-8520,0.46846609625230223,-0.026333564464483625,-0.2703456451488701,-0.22576847198932554
tcga-73-4658,0.5206236822561621,0.5453594701640102,0.6723783443009115,0.6127368836369366
tcga-73-4659,0.7010790567104178,-0.168294808741078,0.919251282745385,0.9726448863292311
tcga-73-4662,-0.6010242283372961,-0.277792230344503,-0.8329259116507269,-0.7160655120449044
tcga-73-4666,0.9897061386838303,0.4618573388426097,0.6470412884617653,0.6282814765833145
tcga-73-4668,0.6724307998086388,0.40455697626851617,0.014531325703152721,0.07698292064417286
tcga-73-4670,2.2017134794727466,1.488224425594654,1.9246067685563113,1.7820055250928228
tcga-73-4675,0.12048128450605378,-0.30781347925032815,0.575668050628258,0.5805546601877035
tcga-73-4676,-0.13005460352886736,0.8263895129770971,0.7466759272086373,0.6709537807005053
tcga-73-4677,0.09256392179818695,-0.006379291744935156,0.2285058494175181,0.25264699668474166
tcga-73-7498,-0.6742558144350621,-0.34992859136112603,-0.6123020697224107,-0.5797260167430878
tcga-73-7499,-0.0906728825003669,0.08356777802958615,-0.30150812807750366,-0.3220340700621345
tcga-73-a9rs,-0.997088539231743,0.3526529425931611,-0.1326903353751874,-0.3285205010145077
tcga-78-7143,-0.36385846924122883,-0.26452876747962156,-0.47132860446323144,-0.4805926875614681
tcga-78-7145,0.7178436903480893,-0.07623656384705758,0.4850183728775536,0.5492611312516835
tcga-78-7146,1.2536729293212263,1.5120045014924317,1.9348377700004342,1.6616401211889353
tcga-78-7147,-0.21336737595999675,-0.33669842714393344,-0.26699951070160977,-0.18975041760576372
tcga-78-7148,1.052701885710594,0.8048528653220887,0.8456654489106753,0.7886220675350547
tcga-78-7149,-0.4918853478689856,-0.15619199238934897,1.037869668165467,1.0361840622784158
tcga-78-7150,1.3546051015102996,2.1980795274910645,1.2619279980070197,0.8896915487317933
tcga-78-7152,-0.5343229418004092,-0.38980340160257226,-0.46936421190199296,-0.4352955881753706
tcga-78-7153,-0.2977596273912829,0.19848670283662406,0.007188408337214496,0.0028382608986699505
tcga-78-7154,1.3371644310173758,1.511697127319304,1.5919665843722717,1.3972914927512532
tcga-78-7155,1.3079682735622566,0.3391063608672003,-0.15655398038994783,-0.0503776583241944
tcga-78-7156,-0.0397156462556762,0.02313051588797573,-0.08752493594965671,-0.09731384264137596
tcga-78-7158,0.1894055265306404,-0.5049468956940963,0.518173516808976,0.4484027376224883
tcga-78-7159,-0.07499559269635918,-0.20361402485305524,-0.42701475057427457,-0.34590065385756985
tcga-78-7160,0.035316167162019504,0.32621257938229453,0.4798692939439853,0.4026654394442169
tcga-78-7161,-0.37894170299006125,0.2174113307314262,0.4563448455549024,0.39555462503041344
tcga-78-7162,-0.21418930456409976,-0.4753243284736393,-0.7168985843243062,-0.5906386125342311
tcga-78-7163,0.5662371421157139,-0.5711774192365966,-0.2824580402161796,-0.12122306265874244
tcga-78-7166,0.801558115384104,0.9816753335638196,1.0690520583634928,0.9297121879201631
tcga-78-7167,-0.5347334663404405,-0.10330984583291818,0.5381915261309199,0.456009436848697
tcga-78-7220,0.8256626574226978,1.60355071514445,1.8897925581379167,1.498783139263435
tcga-78-7535,-0.4167795541068137,0.8746113307162838,-0.5131374944691157,-0.6630584428109134
tcga-78-7536,0.29763598536052355,0.3185679778168425,0.8078859129586303,0.6714815415509767
tcga-78-7537,-0.7086955093956743,-0.5046932864638252,-0.6656281646998887,-0.6034817647314727
tcga-78-7539,-0.5840685938202651,-0.5214506675667198,-0.3565638329827887,-0.3744989096843002
tcga-78-7540,0.12585345469760703,-0.02625586018698871,-0.040955005306011635,-0.033372898861084674
tcga-78-7542,1.2754076282766988,1.6122187465647968,0.695371109486963,0.6809115342291693
tcga-78-7633,-0.016534090818594385,-0.2894249525239851,-0.19477720415550048,-0.13337896479607003
tcga-78-8640,0.9321909974233646,-0.028742964305142654,-0.05394240408520507,0.02704477312101032
tcga-78-8648,-0.10686648734517018,-0.15215002961468907,-0.22433245247579,-0.18762893479355341
tcga-78-8655,-0.6595715836980893,-0.055229221739514604,-0.15196349463359737,-0.17950595225285448
tcga-78-8660,0.28702395272331543,0.5994355306543366,0.20353106725513914,0.09903942947494382
tcga-78-8662,-0.500121105216839,0.457550229341066,-0.33370457437722467,-0.4569766501517071
tcga-83-5908,0.3556617316414367,0.6254204429787464,0.06918655144562166,0.08426077505718288
tcga-86-7701,-0.4178804480797575,-0.4250929115787821,-0.3632807686089154,-0.3282442642320048
tcga-86-7711,0.6908832222257782,1.5214303137441842,1.5547091937896198,1.3123107718101523
tcga-86-7713,0.0794391605390362,0.26775799853438537,0.6459664527459803,0.5753221476837274
tcga-86-7953,-0.15681624221984872,0.03450792843785048,0.110800055390882,0.07515772721949433
tcga-86-7955,-0.4403843965528714,1.6808142053371042,0.3739769109373448,-0.03712716446805331
tcga-86-8054,0.4211440250443961,0.259013473678097,0.02712627585177147,0.027918543918121624
tcga-86-8055,1.0505667190286772,0.6059239466031394,1.1259229750116604,1.0301438843322916
tcga-86-8073,0.4333680854254176,0.010107238547284566,-0.31015737886044736,-0.2608260351658607
tcga-86-8074,0.9454693918098623,0.21821579193086976,0.25606975094265433,0.2983330456281519
tcga-86-8075,1.1880576503845883,0.14219135875774486,0.06354238213076825,0.09027651410678383
tcga-86-8076,-0.1995667725082483,-0.32919218924231924,-1.1153639589495765,-0.992363515684978
tcga-86-8278,-0.13476890326719126,-0.008101991696333596,-0.23302526989798658,-0.2096475503460291
tcga-86-8279,-0.5339707412274437,-0.47043078624397605,-1.1465682562051376,-1.0318128796877897
tcga-86-8280,-0.3217022256049193,-0.2679607227978385,-0.5868080834236005,-0.5281157757561014
tcga-86-8358,-0.2314503113984313,-0.39601742843639387,-0.784619482483275,-0.685242020155819
tcga-86-8359,-0.09187087435496444,0.2039637422572003,0.7033357731155772,0.5523405175698333
tcga-86-8585,0.0006756188942007948,0.7642502290920766,-0.2172467758183746,-0.34565721500723606
tcga-86-8668,-0.40011906615430487,-0.29300382234249867,-0.6044185162163426,-0.6077330325737499
tcga-86-8669,-0.46204096294136215,-0.30541663252569035,-1.1034184579891957,-0.9182137302040315
tcga-86-8671,-0.47278278090928666,-0.5655587612114618,-0.39842507259390075,-0.3224478943517434
tcga-86-8672,0.474011009225528,0.39814399685931956,-0.019972582041802973,0.031593099616797356
tcga-86-a456,-0.17331345449824948,-0.10372398826489451,-0.24909971838368375,-0.22582031339145972
tcga-86-a4d0,0.1912393706398471,-0.08624547607706724,-0.4790168215465673,-0.41808423460238464
tcga-86-a4p7,-0.7146278099790353,-0.49808598932460496,-0.5915545084038646,-0.5387567263921688
tcga-86-a4p8,-0.006417747132556669,-0.07118663076111206,0.42080749573619153,0.4460934631128173
tcga-91-6828,-0.00021343866423536388,-0.19487185837700063,-0.14566396687703903,-0.11593297296927205
tcga-91-6829,-0.2659392114737605,-0.4284080512430849,-0.12281086744184452,-0.12380648350367378
tcga-91-6830,1.2523033491259568,0.4825418409022496,0.521975961560517,0.5270724485106332
tcga-91-6831,0.3661428419478718,0.7305409564671246,0.2863203001066407,0.15922412028897115
tcga-91-6835,-0.3126011084120635,-0.7931962472242671,-0.45548045063419657,-0.39486051811872
tcga-91-6836,0.9843317344825163,-0.20772352912212078,-0.44307953063657923,-0.31840794504863457
tcga-91-6847,0.7196276898601177,0.47962846562358474,-0.06531171551261122,-0.027741921162702236
tcga-91-6848,0.8681599725416811,1.4621335519081056,2.1390435876129326,1.788249345246615
tcga-91-6849,0.7299412108015416,-0.19227985059471842,0.5850385346361833,0.5285155422510459
tcga-91-7771,0.1771907943752242,0.0725851971911931,-0.16767855915803503,-0.11511549148052141
tcga-91-8496,-0.6271723759490239,-0.34569009211076657,-0.4368648227064947,-0.4082029480207397
tcga-91-8497,-0.7846511527155818,-0.5501102769522503,-0.747714981302366,-0.6673697824048266
tcga-91-8499,0.006835396195471161,0.23377064190455826,0.1908952597408709,0.15514384330686984
tcga-91-a4bc,-0.2939157807861134,0.5223321285243948,-0.2997271824865382,-0.4118912804644641
tcga-91-a4bd,-0.623116439377602,-0.32552573585687133,-0.3272045936035062,-0.3759053643689611
tcga-93-7347,-0.6357873537689612,-0.02755935249487953,-0.1659095148030394,-0.2614520001370881
tcga-93-7348,-0.01351153069806741,-0.6216577326080247,-0.39585776703883235,-0.319069664101587
tcga-93-8067,1.2895239797121725,0.6599236806514313,0.5707396086035349,0.5760821290885063
tcga-93-a4jn,-0.42873207023943005,-0.08118426734880776,0.36560485334913523,0.37087167652532177
tcga-93-a4jo,-0.5045767970034822,-0.26251450348490757,-0.42448915383747976,-0.4574687722221519
tcga-93-a4jp,-0.21062860006613862,0.19570739656637143,0.6894253217640891,0.6503323920027593
tcga-93-a4jq,0.1654707273337498,0.32585577818703243,-0.44718872062928283,-0.45018499963191644
tcga-95-7039,0.1735891447883006,0.012263873444236928,-0.17228967035600715,-0.11959594540434973
tcga-95-7043,-0.4030912937291048,0.1274664673451084,0.17241238312280924,0.14744087278565532
tcga-95-7562,0.1544485224489942,-0.14060803858558557,-0.13498384976585498,-0.10270500772164365
tcga-95-7567,-0.435084041801603,-0.0975336055214901,-0.8741771950576495,-0.7815061871050136
tcga-95-7944,-0.02777293275611915,0.6935343987653035,0.769352314285437,0.5519548214897859
tcga-95-7947,-0.18102282584949675,0.23691973427382465,0.06625075250199047,0.03695936039755208
tcga-95-7948,-0.2700458853085425,0.5544985210238208,-0.6197604103401168,-0.510172327351576
tcga-95-8039,-0.11795073722400641,0.13599508133631943,-0.26043300272142467,-0.22885038682762998
tcga-95-8494,1.1299653197797852,0.7213553765883595,0.7523361222168028,0.7068026595683855
tcga-95-a4vk,-0.07685388802688674,0.8088296456754984,1.5255615891429959,1.3661847455077616
tcga-95-a4vn,0.5133000716645797,0.2452375828917357,0.197053422785124,0.20110427716547738
tcga-95-a4vp,-0.5845930116295588,-0.46078020981435547,0.4357212173105018,0.49696005890868755
tcga-97-7546,-0.2587318723639827,-0.05019416538792626,-0.3350304850657927,-0.3623902684639326
tcga-97-7547,-0.2430767869740064,-0.11303506890971547,-0.18485769521215162,-0.1502889539534856
tcga-97-7552,-0.15882208705855136,-0.5713480308533845,-0.5531484067126248,-0.42168244456049037
tcga-97-7553,0.18530258308788342,-0.09298513195107462,-0.4604411040412828,-0.39911579319084906
tcga-97-7554,0.24726229628610788,0.31529037316437586,1.0544581151450774,0.8624320418785141
tcga-97-7937,-0.8114906604933202,0.07587990390322932,-0.662649701315692,-0.6017412170739549
tcga-97-7938,-0.3315896475718298,0.390729621740743,-0.02591715972782074,-0.1458377176371375
tcga-97-7941,-0.6053308410736437,0.3578264467132572,0.17404305431140757,0.0170108181136725
tcga-97-8171,-0.6081077389924536,-0.05160845390955709,0.9484305106626676,0.9243379577035581
tcga-97-8172,-0.38198019850215914,-0.015498950791266751,-0.3006394152776747,-0.3245249949884679
tcga-97-8174,-0.5039321316770543,-0.1100846480436008,-0.18776240876426814,-0.16792089328490836
tcga-97-8175,0.7453787039408507,0.8088227091510912,-0.029951473162585347,0.05164813987175025
tcga-97-8176,0.6433121494502259,0.8927441595912723,1.0861889437775023,0.8837609056243567
tcga-97-8177,0.29064262629277504,-0.5685049826508526,-0.7447431863460365,-0.567757973477224
tcga-97-8179,-0.5593302768735093,-0.05288871994481964,0.09333002510585567,0.01498992024421246
tcga-97-8547,0.05862529056630719,0.1126288317757697,0.9024005182707446,0.8289252754045933
tcga-97-8552,-0.48864222935939067,-0.5732988258968567,-0.8793537159500431,-0.8460646544747972
tcga-97-a4lx,-0.07793313662014663,-0.2931530805853255,-0.2086111078239586,-0.15276715965149257
tcga-97-a4m0,-0.7243818392204859,-0.19675766303026423,-0.3505443018565024,-0.4280539337304264
tcga-97-a4m1,-0.5098694223552935,-0.7694929593344135,-0.9585117046131878,-0.8728459099439911
tcga-97-a4m2,-0.5809461066190957,-0.7604912304062065,-0.49924460462406456,-0.3907056277038765
tcga-97-a4m3,-0.23939919292937606,0.07356283509661382,0.045206765688977045,0.04174224183021931
tcga-97-a4m5,-0.6757841133245571,-0.055544345147286754,0.14599463932195264,0.13867633891503317
tcga-97-a4m6,-0.32545503697423855,-0.38530003840906796,-1.3238313969677848,-1.1800323473092478
tcga-97-a4m7,-0.009243687902425149,-0.42011704342753403,-0.3472078512198307,-0.278439985125812
tcga-99-7458,0.09160248360765894,-0.10027431805101479,0.9628241870704264,0.9851834646797502
tcga-99-8025,-0.13272967891347698,-0.5988375101416852,0.39561004138463224,0.4086080609176456
tcga-99-8028,0.37607393177525267,-0.15546376248652743,-0.6200068012185261,-0.4921081265962868
tcga-99-8032,0.6778594368697914,-0.4691880072307887,-0.2368817884907222,-0.0519457059522162
tcga-99-8033,0.9962996945303895,1.4026009268529092,1.49374221003016,1.2004867047798315
tcga-99-aa5r,-0.22263849809356934,-0.2101951698407508,-0.17893282207117028,-0.1264374458451203
tcga-j2-8192,0.6230334910626698,0.1822591621449412,0.05951577017405817,0.08395724279367464
tcga-j2-8194,-0.23206342028156826,0.1804531301175778,-0.01950835507258244,-0.08907868559487397
tcga-j2-a4ad,0.5707307322807802,1.5846516902276482,0.4041116295349845,0.26062010803595037
tcga-j2-a4ae,-0.24358679008973766,-0.3895457207721553,-0.21842020391400926,-0.21015112804526656
tcga-j2-a4ag,-0.28716665642398487,-0.9302571950551947,-1.0646292525873886,-0.9482971485779561
tcga-l4-a4e5,-0.20045486121228484,-0.20003848734704383,-0.6032017075543538,-0.4969586838600026
tcga-l4-a4e6,-0.2219231374178951,0.2647187825736264,-0.07510599509038281,-0.14989772921575567
tcga-l9-a443,-0.3589602139736888,-0.07698818804384087,-0.33901503318159665,-0.34487971010203566
tcga-l9-a444,-0.23582367201347404,-0.38519047548356977,-1.011185981861564,-0.9552404799412944
tcga-l9-a50w,-0.6830209556122255,-0.5022163591559504,-0.3121265168677418,-0.2825378119805233
tcga-l9-a5ip,1.028169296295994,0.8820025330095761,0.7670380525119251,0.7527742412588521
tcga-l9-a743,0.583228404515918,-0.027745655305299526,-0.43504979615799844,-0.29119651125790114
tcga-l9-a7sv,-0.30956373440368,-0.5228437442252675,-0.4244624256501772,-0.3334955229372971
tcga-l9-a8f4,-0.0300564659133999,0.38875326621199124,-0.3042506305968201,-0.3585884440940156
tcga-mn-a4n1,-0.2653568084364271,-0.11021713012070404,0.08982395145465047,0.047497223827571815
tcga-mn-a4n4,-0.029548009673110262,-0.10811136727315025,-0.36408557297039323,-0.3491317651950331
tcga-mn-a4n5,-0.39234328391430234,0.41964099132249966,-0.367293898414864,-0.468216479895662
tcga-mp-a4sv,0.4986427546904468,-0.2073230572820743,-0.21217244758791634,-0.11986203194098041
tcga-mp-a4sw,-0.007838781990353708,-0.713842686008386,-0.99953725964599,-0.8717010757897268
tcga-mp-a4sy,0.4663261163578535,0.28288533518010756,0.19487179853726738,0.17184290658022294
tcga-mp-a4t4,-0.2354562964795249,-0.10116447461074467,-0.06662406756177663,-0.06716101745512962
tcga-mp-a4t6,-0.6319886081597651,-0.851113278112132,-0.027816915564036437,0.04402609376628032
tcga-mp-a4t7,0.05318385051115558,0.31182679030803145,0.8017036597791393,0.6614742222223537
tcga-mp-a4t8,0.14763152790326262,1.504950732957758,1.730197705482992,1.4552432436663425
tcga-mp-a4t9,0.04325428540904146,0.7346273909007666,1.2333872969240431,1.1007419948230126
tcga-mp-a4ta,-0.2693891685152678,1.277136061397003,0.4425724108922646,0.20977693640827258
tcga-mp-a4tc,0.46816728108970146,0.40401800128463844,1.4577065156492597,1.376882851313838
tcga-mp-a4td,-0.2828852219061887,-0.3564704332241117,0.4366132304754194,0.31889522065945153
tcga-mp-a4te,0.12529652665675664,-0.38558870272813406,-0.26800629518867203,-0.16396782324756265
tcga-mp-a4tf,0.9082915034787159,1.5491817393179041,1.059136503871932,0.9361970818209985
tcga-mp-a4th,-0.6706272993763245,-0.6054033611543642,-0.6602755877882529,-0.588154143796489
tcga-mp-a4ti,0.17891101157414696,1.1562799602532847,0.40155530697559466,0.16124988662416606
tcga-mp-a4tj,-0.29072622190603803,-0.7046257245831011,-0.5627381800744748,-0.5035277790398565
tcga-mp-a4tk,0.869376241780941,0.29301042864864724,-0.26563968604919347,-0.20377567306827715
tcga-mp-a5c7,-0.05057291273957993,-0.1158953273878712,-0.3254561168392436,-0.3149623784433982
tcga-nj-a4yf,-0.2716884453453811,0.1278682514245342,-0.2629780418887674,-0.31767760164887454
tcga-nj-a4yg,-0.8250781048616388,-0.2020778855767282,-0.5098639159339639,-0.5920953951089593
tcga-nj-a4yi,-0.7791905600461446,-0.14334451564824663,1.0803992203840653,0.9035526936842545
tcga-nj-a4yp,0.2851697140969671,0.42393596774776415,-0.252119165645192,-0.2806621970702468
tcga-nj-a4yq,-0.371655419208779,-0.19567382332325822,-0.4091603676930725,-0.43144247592270635
tcga-nj-a55a,-0.8292637706898146,-0.44288534701471893,-0.32912849736009553,-0.39408934917882354
tcga-nj-a55o,-0.29823375651260464,0.061345735507772614,-0.08497162813208987,-0.09268547366011255
tcga-nj-a55r,0.22194441818559482,-0.1024650365062588,-0.2203416767800199,-0.19010082292142727
tcga-nj-a7xg,-1.0261603747632686,-0.1256680253847157,0.40564073319170973,0.25158256395260764
tcga-o1-a52j,-0.5237664210270239,-0.6624594292763047,-0.6557794735429191,-0.6303316276266239
tcga-s2-aa1a,-0.3655169768755253,-0.5182285840470471,-0.25172653538971146,-0.2441232229808306
GSM1672281,-0.622137710449717,-0.8036303653551621,-1.165452659550648,-1.1074485057730625
GSM1672282,-0.050900136752956855,-0.8885371853800015,-0.6834367978841935,-0.5599374879907733
GSM1672283,-0.5309429739845254,-0.5175092970291576,-0.23425577544742598,-0.23692674841542521
GSM1672284,-0.5189200069832497,-0.7879038448259876,-0.3951530425925554,-0.25274294602917524
GSM1672285,-0.33221317378209936,-0.5558134702626986,-0.1448307992076876,-0.14832319052174353
GSM1672286,-0.025863404545002303,-0.42211609631626507,-0.6300165490488651,-0.5018739484674035
GSM1672287,-0.510205242872726,-1.1585601991413605,-0.9459101067753511,-0.8423002476629107
GSM1672288,-0.5130656296845888,-0.9721272323964576,-0.770935762863709,-0.5867904095993002
GSM1672289,-0.5111969367392671,-0.26741020490303125,-0.8725568879911062,-0.879334772656081
GSM1672290,-0.25841197517632947,-0.4039544887824329,0.6493819494469685,0.6175909354356199
GSM1672291,-0.6138361162683378,-1.0229822619095077,-1.180934300739629,-0.9833199672701546
GSM1672292,-0.5215491329627323,-1.0529277153451042,-1.0437571109973613,-0.9485597154475076
GSM1672293,-0.0026850226738965905,-0.28551719531565833,-0.6743481297471136,-0.5640772720450921
GSM1672294,0.23698276295878265,-0.5841757227863096,-0.23313769220612418,-0.08888066590686027
GSM1672295,0.7330903005541369,-0.4699354155171144,-0.396000589202232,-0.22399466960259085
GSM1672296,0.6132523039047713,-0.6161216116076211,-0.2703123531391878,-0.09896010824824528
GSM1672297,0.7792572568818529,-0.22881384109564834,-0.2735117311580018,-0.13063629266917798
GSM1672298,-0.3449263988701971,0.1560787380734659,-0.3876743018867251,-0.3361881880487547
GSM1672299,0.37772413936375976,-0.1048964378529982,-0.4631998593912212,-0.3600690480663793
GSM1672300,-0.053232128388780824,-0.8601587311562644,0.04740771355613197,0.026891076358040295
GSM1672301,-0.1821634902499247,-0.7270974489378791,-0.39699560733361416,-0.25531141000937285
GSM1672302,0.28915244276714225,0.937422963725781,1.7194427391483957,1.3987137756558108
GSM1672303,0.19250325040083474,1.0970916990192725,2.100680910082848,1.8915681744585966
GSM1672304,0.6254238254345724,0.6005055204758438,0.86836908117086,0.8000093875230064
GSM1672305,0.6384133320665725,0.12800254895240323,1.0386891961348939,0.8838151995546154
GSM1672306,-0.22999335961531908,0.05213742211032232,1.102981602509856,0.963570119057872
GSM1672307,0.4734655229472398,0.1439423909058378,0.13901450070725388,0.14805456245022097
GSM1672308,-0.33506995926362426,-0.2644489809907613,-0.4129695408758142,-0.37393752274226927
GSM1672309,-0.14930884484620935,1.5836843198996213,1.4779920975386753,1.3299042852147382
GSM1672310,0.26631180483591493,1.328628385670012,0.347538432141293,0.0917124683830097
GSM1672311,-0.3899462391271642,-0.318049240556398,0.27257002416814635,0.1794215930410966
GSM1672312,-0.19970490519546846,-0.356884735048855,-0.008989749916385369,0.06616560605560218
GSM1672313,-0.270379865350255,-0.11674592537893173,-0.7870327945140451,-0.7384580294890093
GSM1672314,-0.3138912340994466,0.06693689612361575,-0.3049956049725808,-0.33518606230722947
GSM1672315,0.5383219771965853,0.12289419733462134,-0.40309122490923066,-0.32800439538302273
GSM1672316,-0.4645926312840059,0.18308109387329016,-0.2517229559788537,-0.3273450557066674
GSM1672317,1.1390509947743335,-0.6458089720693431,-0.005895947982888804,0.19290620246437648
GSM1672318,0.07091594591819668,-0.29409538251273315,0.04054239499749241,0.03736054808493009
GSM1672319,-0.27021937471473084,0.14605779146671438,-0.83130199631827,-0.854215698201252
GSM1672320,0.3416104655643925,0.3833897083469739,-0.7984859098721254,-0.8033863652999064
GSM1672321,-0.006852278521618155,-0.008563959137008425,-0.0641529999849817,-0.037855644048779925
GSM1672322,0.27115763486720085,-0.6768769395883041,-0.5497189830972748,-0.37960604728434033
GSM1672323,-0.45262108085494296,-0.16674499099352943,0.5539385056727346,0.39812718728748975
GSM1672324,-0.34626037920743935,0.07567140109564134,0.9130336800643035,0.7837700272587999
GSM1672325,0.0864052871143096,-0.4786477498404718,-0.5092475756493021,-0.3688047298772045
GSM1672326,-0.3363763641826693,-0.09617666126478994,0.011050916049461765,-0.02341933007046238
GSM1672327,0.030625304173213547,-0.16108348164006056,0.1940327592333624,0.19100543793588262
GSM1672328,-0.21859876569001707,-0.301743582063206,-0.5228489789905604,-0.47192091251088625
GSM1672329,-0.5445845803994377,-0.23810041128115148,4.777864956024025e-05,-0.03301597219637954
GSM1672330,-0.15055515871926675,-0.5144797972935614,-0.9276667721083223,-0.7523439260946616
GSM1672331,-0.4850206058751386,-0.756284810395521,-0.5144988445798623,-0.39330371122850377
GSM1672332,-0.19678196353858507,-0.20287714510627403,-0.3029243147468484,-0.25851852877481096
GSM1672333,-0.23590868108843288,-0.9572792383767469,-0.9847915789522842,-0.862448399312754
GSM1672334,-0.3480429148205586,0.023451246752863867,-0.7773375137092723,-0.8003316720661253
GSM1672335,-0.39888062455608125,-0.483678685033259,-0.8535959761177299,-0.746389193394234
GSM1672336,0.05393409924770118,-0.21003865406138522,-0.28502844448972436,-0.22050315911863866
GSM1672337,-0.5040513309762399,-0.764629247976371,-1.1800062701179375,-0.9865429141106944
GSM1672338,0.24292545002863553,0.3114870055097965,-0.35700317632863715,-0.36565092645892444
GSM1672339,-0.21344323187944358,-0.3136786756274547,-0.7800270997859495,-0.6393012808273608
GSM1672340,0.28575075868210675,-0.19330256843437488,-0.7330620941281387,-0.5558436207987241
GSM1672341,0.6369649847420331,0.5763905930168846,0.9939898747888011,0.9273713749552677
GSM1672342,0.2127257754482984,-0.015976371403701374,1.136404384946969,0.9215582099007186
GSM1672343,0.2959471489554377,-0.7744802015551248,-0.09928770275331165,0.08076481864259571
GSM1672344,0.029476957024752646,-0.528148376611831,-0.5261698715544368,-0.47344389197083253
GSM1672345,-0.5234703465400536,-0.01638725153281497,-0.26991917239217417,-0.34409692373374623
GSM1672346,1.4173382275015356,-0.2767495633469737,-0.34460392290519687,-0.14596415028017448
GSM1672347,-0.13389964771978632,-0.035389011542156325,0.6627345294023295,0.5143613064674089
GSM1672348,-0.0822456608950247,0.05471241284633124,0.680413525105926,0.6062767468525587
GSM1672349,-0.06759984222541318,-0.8259751027914995,-1.2059240557361308,-0.9510427810038309
GSM1672350,0.29492178092755045,-0.16055185686788134,-0.46615564080698313,-0.3911912141387907
GSM1672351,-0.5403567894006754,-0.1593042741059161,-0.7046889815400785,-0.6368560667449679
GSM1672352,-0.0014588649120456504,0.1350990480646583,-0.03833965036909353,-0.030762469751992483
GSM1672353,0.5592549967390149,-0.3113678089732069,-0.06830346609242995,-0.05243953168813552
GSM1672354,-0.40754831003744024,-0.34222105895758176,-0.9889061075495924,-0.8870454958484154
GSM1672355,-0.13820367523664112,0.2578675352723845,0.2645459288071405,0.16412343633206117
GSM1672356,-0.7018612153993026,-0.9718675830077618,-0.7174514846425881,-0.6708370574974822
GSM1672357,-0.4224043785176258,0.22673462365981564,0.34421482663496716,0.2961518422203565
GSM1672358,-0.5218923793431914,-0.11263725947994964,-0.7351861553185849,-0.7023796478374945
GSM1672359,-0.09213530328216565,-0.29475450044059004,-0.10382156549441109,-0.10045148249575678
GSM1672360,-0.5078390867596164,-0.5031019049446469,-0.5142853389354837,-0.5138281049967728
GSM1672361,-0.7397458398395504,-0.5314107558097739,-1.1063148705138375,-1.0032867079709646
GSM1672362,0.5745169635402109,0.27928168699512346,0.3299522245871462,0.3075342607762427
GSM1672363,-0.08054231145028021,-0.4576337534475616,-0.3147045129300865,-0.207903212809795
GSM1672364,-0.46874860850058986,-0.036254243121485036,-0.27923523260776606,-0.31220419701260166
GSM1672365,-0.4730263718028552,0.00032243026643893934,-0.20355186946048387,-0.2030608997210277
GSM1672366,-0.30628550959692247,0.07358827902047085,0.01664779274681844,-0.04593256708547298
GSM1672367,-0.11998213029296613,0.1173649576942018,0.08576372459490322,0.07468594295544
GSM1672368,0.23583967277995177,0.2808516720530949,0.16797353446939745,0.11939096717048345
GSM1672369,-0.05146307560899288,-0.30968743935728715,-0.35063182800694737,-0.2840692014069186
GSM1672370,0.04763932896354171,0.3162027856191475,0.16753974016100878,0.15545323446365553
GSM1672371,-0.6565504969200004,-0.027211015065707875,-0.3298760155386188,-0.30777144986602356
GSM1672372,-0.4047371379190927,-0.6568885746374549,-0.5785661164805685,-0.5408567073377233
GSM1672373,-0.874144652643018,-0.05243001813578229,-0.40164586181844303,-0.4697416284430246
GSM1672374,-0.24117496823774734,0.3901251352378263,0.8017151072866625,0.6105114380629558
GSM1672375,-0.019306756201810268,-0.219924174535133,-0.2660267829876029,-0.2133212206552183
GSM1672376,-0.2761642195069058,0.8008073411261764,0.26267163541642413,0.045247531174631594
GSM1672377,-0.4125265023854441,-0.26062528834757637,-0.6675314354732291,-0.672772189174216
GSM1672378,-0.5719204006712307,-0.8845762709705882,-0.8354667719071786,-0.7204477075260338
GSM1672379,-0.31836605474253765,-0.272849036152727,0.7689783665330251,0.5799482904778025
GSM1672380,0.4721297783698377,0.947646314823191,0.2644960436087356,0.2661879315575533
GSM1672381,-0.3864056226652685,0.30512591111878345,1.2393620480042342,1.057561564312792
GSM1672382,-0.711571360319148,-0.3685825372767128,-0.7177410591695339,-0.6758341504093768
GSM1672383,0.01569978368245069,0.022383018113235637,-0.2310401770566243,-0.18040637535650403
GSM1672384,-0.8116598581877205,-0.6076211142067517,-0.7787285898295809,-0.7948414821585985
GSM1672385,-0.2756286027251063,-0.07043142605369433,-0.08184063092635735,-0.08924141349467718
GSM1672386,0.19677428581654743,-0.18999323675446805,-0.04592556153041234,0.008769626913163686
GSM1672387,-0.4225118295720222,0.002640255099918236,0.07451662814110242,0.05420768081240872
GSM1672388,-0.7928913536024619,-0.3148938917679231,0.890954680551538,0.7541538676513785
GSM1672390,-0.08235586230444358,0.2935765344412524,0.19269124900615084,0.17359223289601342
GSM1672391,-0.3907479769752962,-0.20239091694224126,-0.3762447759165272,-0.32944959436743404
GSM1672392,-0.39458913016208397,-0.6419562430452824,0.035200500837270575,0.0361999207303201
GSM1672393,0.08827106458440735,-0.8642153100464138,-0.5653770552034606,-0.4313061490901768
GSM1672394,-0.5251979106231154,-0.7300541250609307,-0.6226211893770534,-0.5461468330415215
GSM1672395,0.4080438052754132,0.04654558523519347,-0.1957120250864992,-0.14342953604368122
GSM1672396,-0.6107132731151235,-0.29755921183789324,-0.38729020486554977,-0.36370094882148635
GSM1672397,-0.7171795865465289,-0.37999187151660885,-0.23791780485797556,-0.23665464740475703
GSM1672398,-0.2089431524439567,-0.9199621077797047,-0.8574906225742263,-0.7796152542048865
GSM1672399,0.10059512416111464,1.0110068854857146,1.33006722778924,1.130634784568105
GSM1672400,-0.5398253114212244,-0.8245459569833786,-0.507911304863773,-0.3815972149255641
GSM1672401,-0.24929837010807915,0.5507526048882267,0.4065591207715081,0.3055847852193135
GSM1672402,0.09483981616449247,0.40014354829194065,0.7851542380313418,0.6357566510986477
GSM1672403,-0.35455061441812663,-0.594909083305721,-0.5248680348014612,-0.4520523340624814
GSM1672404,-0.10706856644265053,-0.0874679893455731,-0.24368905415804287,-0.2258673828190816
GSM1672405,-0.49657850259480085,-0.2522016854752504,0.3752072107582808,0.2947150479020022
GSM1672406,-0.42957781433370706,-0.340473901865046,-0.5612521155291237,-0.4879253981886156
GSM1672407,0.42868939416464824,-0.2833296123624492,-0.1806086325785149,-0.06647610855679345
GSM1672408,0.6263907424618796,1.2352579847987522,0.769826124818524,0.6543306242171816
GSM1672409,-0.3288397405876692,-0.6059920773997315,-0.7736635730298322,-0.6349065075418531
GSM1672410,-0.2693887522055721,0.5231678141763904,-0.3439719701058641,-0.44049644756268413
GSM1672411,0.5190866779487237,0.6340275465792015,0.7553346538623713,0.6963568870269963
GSM1672412,-0.2706887448972314,-0.23355419984345202,-0.17670563535130365,-0.19343365258371614
GSM1672413,0.20788864298829376,0.4023469432970864,-0.4645813912111864,-0.488348406610642
GSM1672414,1.0017296233236046,-0.09713170831658607,0.5515280226069406,0.5084320429948743
GSM1672415,-0.5376413168207254,-0.20966886619265077,-0.4849377837838902,-0.44495601594399997
GSM1672416,-0.313027465521626,0.3281978408076794,0.2844577009231826,0.14738249990818797
GSM1672417,1.0465464659802075,0.6592202887055431,1.343326732366518,1.2221659066169952
GSM1672418,0.49257498636727626,0.3855287717498543,0.05166286083969741,0.06702307889807838
GSM1672419,-0.4797185943711307,-0.18361074248937123,0.6197730314224617,0.5228552735201072
GSM1672420,-0.22292126371023463,-0.43752872461380893,-0.34645297771760486,-0.32022503119422435
GSM1672421,0.40234378286112404,0.9859967503046387,0.6038592350711695,0.5246697634267808
GSM1672422,0.6519870469496094,1.2851904101353124,1.2476437381447356,1.060295605298211
GSM1672423,-0.32262526430986904,0.23267539638070134,0.039759790199445914,0.00543432828812921
GSM1672424,-0.5295398132735211,-1.2160162902301057,-0.5423981166775396,-0.5181242908463798
GSM1672425,-0.18465883844961575,-0.39993292517949025,0.5210612422291738,0.4434534884460468
GSM1672426,-0.5048428366935417,-0.0672193627117894,-0.2618879084248325,-0.327762710843367
GSM1672427,-0.7569153896749583,-0.5953426398802407,-0.9060245111759312,-0.7976455396973359
GSM1672428,-0.4332479590822647,-0.5078670924353159,-0.08244593166491271,-0.10760671485547665
GSM1672429,-0.3285167172494015,-0.16917880800660146,-0.961151154436544,-0.8567008502721438
GSM1672430,-0.4064791671456917,-0.8563898464411774,0.7328199552125071,0.8655141585856303
GSM1672431,0.139090108864676,-0.38952495539230875,-0.5281092293950833,-0.40821207348252675
GSM1672432,0.5857114380291152,0.5312141806471393,-0.2903215817837797,-0.2958607001072435
GSM1672433,0.3482047289283114,0.24152770598212345,0.9054251256605407,0.7527792171854567
GSM1672434,0.7916361337500502,1.938935123353537,0.5393581294782015,0.21712257694733128
GSM1672435,0.3326166012228358,-0.21043048251085872,-0.1780876532981042,-0.15253223911266256
GSM1672436,0.4059171539046088,-0.6208495249896759,0.13801608116603645,0.27971821158367566
GSM1672437,-0.10651197112777193,0.2378006887835109,0.23538652890480885,0.18019255884244467
GSM1672438,0.29833695335486116,-0.24336141655293367,0.4698778954741098,0.39885870874502893
GSM1672439,0.7024303302972058,0.4908254464237103,0.7990211280819832,0.7312591105358176
GSM1672440,0.3805490604492655,1.1418097077199123,1.2045089924225116,1.0936694296552094
GSM1672441,-0.09174437487951004,-0.5482964268616597,-0.006773226912912884,0.10763892493203961
GSM1672442,-0.51379219367626,-0.3899636052013096,0.36002928487801167,0.29357880119235547
GSM1672443,-0.5380699997472723,-0.47359605523648063,-0.3282170253945829,-0.2843018285068816
GSM1672444,0.30692661338379373,0.874418078831349,0.014362826184815644,0.040502004678956746
GSM1672445,-0.41896623108004183,-0.905639688597294,-0.7729981124311281,-0.6962844326066225
GSM1672446,-0.9289474105667007,-0.6259499641202048,-1.2391789100747241,-1.1271112490111694
GSM1672447,-0.2257617120424812,-0.1816680469905182,-0.26673806219555274,-0.24446986076450994
GSM1672448,-0.5152441698369081,-0.5009916070868047,-0.16691913282721496,-0.17173090383282621
GSM1672449,-0.4209815438144632,-0.1301874657657219,-0.5626579168816617,-0.590865526302617
GSM1672450,0.109682019606306,0.16630248593254005,0.896832719583358,0.7237379524008674
GSM1672451,-0.5835672886418471,-0.4718898621604548,-0.3124020914327628,-0.23071491604767658
GSM1672452,0.40573222609053544,0.0486924061743161,1.2828598846616812,1.2885328362083937
GSM1672453,0.011262361797072394,-0.25206935841058936,0.34789289225849235,0.3436969934866959
GSM1672454,0.8079743522651983,0.8537221159081371,0.6669077543828094,0.5693294731646279
GSM1672455,0.1427944384969116,0.13570896525818094,0.6273168930719396,0.5480782235472438
GSM1672456,-0.3200316806663019,-0.2317317507228805,-0.4062476778736739,-0.3497203827045616
GSM1672457,0.28522267850961547,0.975441408138361,1.0530092845705028,0.7941978344138034
GSM1672458,-0.5892759531325644,-0.607003784728406,-0.46989220464967524,-0.393604591792452
GSM1672459,-0.5189861160475678,-0.35302404888115413,-0.517007405145352,-0.47409786127913495
GSM1672460,-0.10019606162298679,-0.26080035391355455,-0.3029987898958578,-0.2839183675731339
GSM1672461,-0.24972376527461848,-0.6402646702420703,-1.0408071179370992,-0.9353012383914578
GSM1672462,-0.3941369523741593,-0.20908386173315,-0.4005805417193894,-0.3538922692803872
GSM1672463,0.2571762769244199,0.1432624585176554,-0.21879277549721318,-0.18221303549971718
GSM1672464,-0.544504229870521,-0.8000696579222526,-0.4174510263131839,-0.27376903847906986
GSM1672465,0.08951212821215516,-0.38437319592031005,-0.18739138485232953,-0.08720187638280104
GSM1672466,-0.8675602669724526,-0.17386791909449623,-0.6711729704597735,-0.7534304896228311
GSM1672467,-0.3554036267263824,-1.0255706293536682,-0.4616376774999753,-0.2671628879771358
GSM1672468,-0.43855593787410074,-0.02676215731167385,0.4127646658583505,0.3117899018755179
GSM1672469,-0.15327376452718985,-0.8572716923531369,0.336141240776096,0.43221661890602764
GSM1672470,-0.13152021287265547,-0.7141332599628282,-0.6728239111069829,-0.6107164490914918
GSM1672471,-0.36755226568749383,0.15679855238744175,0.8185576674185902,0.6183538008599435
GSM1672472,-0.0819643697780739,-0.7908027899875837,-0.8836224813937982,-0.7644235469983053
GSM1672473,0.6331601352094766,-0.14753751992086084,0.14633156972286407,0.2267328299673893
GSM1672474,-0.5862591963869687,-0.6855514954821015,-0.653220350257761,-0.5755774110104204
GSM1672475,-0.10753387947226273,-0.30787687388161233,-0.549319056402519,-0.4604249186194881
GSM1672476,-0.3962722785213618,-0.8377079706967168,-0.10173621221612986,0.04884270493377124
GSM1672477,0.3310101519673198,-0.6729532528088278,-0.18663647333458502,-0.17061743879799046
GSM1672478,-0.17722310226484767,0.21831845090321322,-0.2379438898585233,-0.28576027272827165
GSM1672479,-0.07752700661042693,0.08638334655458098,-0.09605529539604249,-0.08940855978888965
GSM1672480,-0.19336073981190685,0.19685020043100987,-0.2546188879176375,-0.2988175604048043
GSM1672481,-0.46656835341003683,-0.06792707813105671,-0.037978854183939904,-0.07173328669918545
GSM1672482,-0.6162960026692081,-0.5558269004612684,-0.5869732958806836,-0.5445208507383454
GSM1672483,-0.6687859097890527,-0.5902410641326296,-0.2184220725730552,-0.12306822843427737
GSM1672484,-0.7134961226438744,-0.5324740848143615,-0.9400481650992911,-0.8394224004035583
GSM1672485,-0.5864086103049865,-0.5855756235846693,-0.8770845422780312,-0.8568504233116456
GSM1672486,-0.09846090550740577,-0.19629185223680157,-0.19309295213778005,-0.1358745240842349
GSM1672487,0.03245827970036109,0.29681499900302666,0.07809135706626676,0.06852721201705579
GSM1672488,0.07420118040266795,0.061398435140658014,-0.2684451917019745,-0.23251175324660017
GSM1672489,-0.15326896340827534,-0.6317371320594806,0.18807673073003897,0.2142806270305711
GSM1672490,-0.5232460194495174,-0.3944488167145862,-0.057731024494428386,0.007464592058028165
GSM1672491,-0.213899736066398,-0.5943941777316494,0.45999662499238575,0.5642497901259389
GSM1672492,0.7333904552538163,0.690524344284262,0.4823735260068553,0.45855983511339926
GSM1672493,0.537974101663706,-0.3392088145045605,-0.15601909116206258,-0.03992711698486384
GSM1672494,0.15282284785955247,0.03556576916623949,0.246109327185248,0.22083437188996155
GSM1672495,-0.49548539168597006,-0.3033360979059967,-0.17184876612795355,-0.1696347460106307
GSM1672496,-0.5424679631933698,-0.738051433790939,-0.339235994763165,-0.24602871327346298
GSM1672497,-0.39223300521257204,-1.0945067761078568,-0.04579803212270104,-0.0796657084169132
GSM1672498,0.4336264958128031,-0.09748638787147675,0.30043901562298153,0.27292814881259486
GSM1672499,-0.004482923489313042,0.4395186244847786,0.5421494720886051,0.48585125281817876
GSM1672500,-0.28665681507817026,0.5726952448091039,0.042694486849428684,-0.050390183070255945
GSM1672501,-0.6895847250515924,-0.5767336697072608,-0.9186632101373139,-0.9121865911966228
GSM1672502,-0.29870673384607416,0.04337015708288915,-0.20339317103990467,-0.23749783655562723
GSM1672503,0.1841156554854132,-0.41446985123232377,0.03113154711065448,0.03915911308130052
GSM1672504,0.3578174387873857,-0.21153009716783772,-0.055097955886528285,0.024474644515810808
GSM1672505,-0.46601993367696787,-0.12816278465172806,-0.17478610120460084,-0.2328792532605194
GSM1672506,-0.46841814126417275,-0.7244926358520255,-0.5951756025533383,-0.45613094703435647
GSM1672507,-0.4738768570688986,-0.14220825167574466,-0.6987032155646132,-0.6294548096572486
GSM1672508,-0.8145465633663729,-0.7233370474837237,-1.2925207096244737,-1.1035570163567752
GSM1672509,0.2310329257415462,-0.40896466545510013,-0.043365027497801724,0.06531231760002738
GSM1672510,0.2568569628010154,0.9874378283397474,0.9066018591716771,0.7496005247579653
GSM1672511,-0.33363118178805784,-0.08258169313256178,-0.7264660753119234,-0.689477849398925
GSM1672512,0.7664340703870262,0.23242183657178542,0.5075106193617281,0.47107170715211344
GSM1672513,-0.34702695621134355,-0.07565680394423362,-0.24352038478582563,-0.2576818060043187
GSM1672514,-0.05812559505164489,-0.5539388780241947,-0.4320479046154381,-0.3512527547370189
GSM1672515,0.2822736600188495,-0.33022808313311913,-0.0281944524792433,0.0016978714418224884
GSM1672516,-0.4714219336490848,-0.37501114918636436,-0.15154440715827577,-0.08458863488072108
GSM1672517,0.21569872531418383,-0.1238067525788243,0.8394904436616066,0.6854748269580399
GSM1672518,0.2816802304972978,2.0217953466496184,0.3605112303564581,-0.02244980429304777
GSM1672519,-0.6259444878300483,-0.7966089301711761,-0.9983706335200828,-0.9516773008303646
GSM1672520,-0.7905794521814699,-0.9483569264012747,-0.8881168237715749,-0.7204249784641042
GSM1672521,-0.5710042911274252,-0.530865609818855,-0.4609707653237257,-0.4204590866413907
GSM1672522,-0.4116023095027977,0.05770027310688226,-0.7745506685693117,-0.6498463154650547
GSM1672523,-0.7264119905595358,-0.15249899034569983,-0.6862368897123766,-0.6100610208864717
GSM1672524,0.39900724524120146,0.6365798348372412,0.5272448670176759,0.460728221178453
GSM1672525,-0.5729544128281575,-0.45497274010459243,-0.4458325690748596,-0.3632248715883503
GSM1672526,-0.29965019797416037,-0.8769998814625717,-0.8992161252601912,-0.800865767581808
GSM1672527,-0.3672781545239106,-0.459272953914334,-0.37014506921196455,-0.30348120831833275
GSM1672528,-0.540058080470361,-0.5545432958665292,-0.7571268180279646,-0.6476649938904679
GSM1672529,0.662184388551349,-0.2080984797298171,-0.7086265059054384,-0.5024876394655508
GSM1672530,0.7823572086181255,-0.33687837951666966,-0.560751020489295,-0.3753929595617279
GSM1672531,-0.539631316908456,-0.3921868641056481,-0.2800508721373156,-0.3113509001779186
GSM1672532,-0.6335004533421922,-0.8885437804070482,-1.153703668369651,-0.9627575838548342
GSM1672533,-0.6696032443774016,-0.0323896102831868,-0.3500097435078243,-0.32591459991754895
GSM1672534,0.05333685911571375,-0.30101381644286934,-0.3530000914944518,-0.3035928566353562
GSM1672535,-0.6287446065740718,-0.6740328157706259,-0.5993027526691118,-0.5026432632713043
GSM1672536,-0.4389818971411617,0.10951937652145763,-0.3572055282339911,-0.3229115679086827
GSM1672537,0.46119749942818844,0.1535242364686165,0.05838525029050102,0.07900671011130161
GSM1672538,-0.7042096449190951,-0.8152552740457553,-0.6547002174896881,-0.5112615795775799
GSM1672539,-0.3984027292909648,-0.6528442573203873,-0.8593576873871276,-0.7224646614216886
GSM1672540,1.2645964857588736,0.04147982480363652,0.3544685702949546,0.4590987318114522
GSM1672541,0.1628067243376672,0.004758486471272869,-0.39293608310066763,-0.34370917972159093
GSM1672542,-0.4255116742733266,-0.02463031471791541,-1.2575205891580534,-1.2576955557658878
GSM1672543,0.5855459849807055,0.9960375582436111,0.2774645415740565,0.12956009052644843
GSM1672544,1.141009165874852,0.772893591197535,0.4986048250110393,0.43751837986425923
GSM1672545,-0.4974515459751561,-0.7137364625764346,-0.6430974691249713,-0.5597372702977543
GSM1672546,0.49516198167661996,-0.23965435182404038,-0.35113104748216334,-0.24994206768108357
GSM1672547,-0.0628421206650371,-0.020254271959709105,-0.5762167178422337,-0.5383145731484377
GSM1672548,-0.7861937741335794,-0.8546751221946534,-0.6169828173457549,-0.5821673411770548
GSM1672549,1.1813035138995887,1.0725260324093038,1.6708568829308383,1.5227608641385089
GSM1672550,-0.6008865633660557,-0.6251845340476548,-0.452184130576209,-0.45459160054536873
GSM1672551,0.14895080208847644,1.330375332437997,0.3181988146893252,0.27801658383618166
GSM1672552,-0.37680599319654673,-0.08345859246807485,-0.21649778265834863,-0.20210237767817207
GSM1672553,-0.30546274992848316,-0.006276452126426294,-0.3441826755496743,-0.3105875682652711
GSM1672554,0.37745421509832755,0.13480941656461226,0.7977502651243423,0.7747425218935029
GSM1672555,0.22929875723105606,-0.3481723391955834,0.2602013754543107,0.30469704626913996
GSM1672556,-0.22300129509170022,-0.6099180810558487,-0.424116329697282,-0.29584474000788236
GSM1672557,0.3974743407673081,-0.12348392399300723,-0.27611145221043193,-0.18276886585636257
GSM1672558,-0.31854540717794905,-0.08560957693097332,-0.6644203533128085,-0.5552610655496927
GSM1672559,-0.577167248074381,-0.048031200545999735,0.358989715304436,0.29878119837176276
GSM1672560,-0.03072193351996492,-0.7094970246601928,-1.0371977070544987,-0.9279258767322708
GSM1672561,-0.1903800879240942,0.21700689272354792,-0.15310752078307963,-0.135666054590527
GSM1672562,-0.16772868313618142,-0.3490956724530314,-0.8262006632062252,-0.7095430038093711
GSM1672563,-0.445232776973788,0.1847832495703099,-0.4824919356032757,-0.4313830879877804
GSM1672564,-0.18293552744596617,-0.11985872254912008,-0.6020230079594119,-0.5941108248248808
GSM1672565,-0.34246850914037025,-0.6707206964640092,-0.27662024227028736,-0.24603016147089046
GSM1672566,-0.0962980994499031,0.17324903279564835,-0.18464063055275867,-0.1608726180862379
GSM1672567,0.01372071893294338,-0.1699146911927253,-0.4010822996780985,-0.3702253103644382
GSM1672568,-0.4541847814520197,-0.9496463224529321,-0.6720172405335678,-0.6012477890866955
GSM1672569,0.9790929657276217,0.5420528251598142,-0.06834397816768843,-0.02194959327845355
GSM1672570,-0.5096191940097924,-0.06920380370817542,0.020086538772228827,-0.04176382100932196
GSM1672571,-0.6639496910504773,-1.133409069564299,-0.7464940418792887,-0.5430714609931813
GSM1672572,-0.21489694046072788,-0.28759988670000314,-0.42328573469600117,-0.35083263258306197
GSM1672573,-0.3397052901888473,-0.22788350143659555,-0.333041734694269,-0.3067561577064249
GSM1672574,-0.5167734151205798,-0.7378011867128289,-0.9076838654051039,-0.7715126009792281
GSM1672575,-0.24942270389705956,0.00876411885852564,0.3472365956397306,0.273746564865495
GSM1672576,-0.5167732701209179,-0.8947983061726263,-1.082953803318973,-0.911802612218276
GSM1672577,0.46569869491120547,0.41417276763297917,-0.12148585392047023,-0.11015111400969471
GSM1672578,-0.06445297002402836,-0.24124686284319827,-0.3285836388999107,-0.29587760881738545
GSM1672579,-0.38758980273902927,-0.12490052073007699,-0.7578816606416557,-0.7702194743992951
GSM1672580,-0.16595540783571527,-0.9344130257113666,-0.4165627897441938,-0.3916064161851966
GSM1672581,-0.09359338624480328,-0.33488514016784776,-0.3019240987248448,-0.27313346766799657
GSM1672582,0.6103442986465506,-0.5105688210748732,-0.326652067434003,-0.20675827197773988
GSM1672583,-0.4380701153219724,-0.789695256384157,-0.46598290106862117,-0.31708586948956974
GSM1672584,-0.2241010533033085,-0.47895457075921155,0.18824886535410765,0.14835121394527007
GSM1672585,0.3018278093908738,-0.6684610048303555,-0.5705385797324289,-0.5084111702485259
GSM1672586,-0.5560608555410798,-0.5317330858242794,-0.5485600890589664,-0.5086487734422398
GSM1672587,-0.10963765446219527,-0.7051193354270602,-0.5692891401496009,-0.4146172033663195
GSM1672588,-0.4319668803642124,-0.4780705654812835,-0.38802176127184085,-0.38687386089237946
GSM1672589,0.07541687067724344,-0.4711705621064576,-0.30964473642864326,-0.19206609219345716
GSM1672590,0.1026779727198366,0.32156580977420085,1.3659032323328542,1.3053189020961413
GSM1672591,0.07025544910607057,0.10690490413905525,-0.2809426577389067,-0.27321049079042214
GSM1672592,-0.10194155479038561,-0.40791999468580725,0.017534920283979988,0.002517677242501317
GSM1672593,-0.07308293325876132,-0.0926131915884209,0.1419838926804853,0.1064244658041271
GSM1672594,0.5517150665022235,-0.4309597961938387,-0.3502328721499977,-0.2301132377780382
GSM1672595,-0.4858325489451436,-0.26005586031193306,-0.13791584245790348,-0.15431632253883892
GSM1672596,-0.25775962759560866,-0.44270280136422896,-0.6222053461778937,-0.5857390937534261
GSM1672597,0.0549311155335768,-0.504147936025876,-0.43223570239776293,-0.3070006594418429
GSM1672598,-0.6184356003214222,-0.8582950843556864,-0.866484240968453,-0.7056146800837882
GSM1672599,0.2581029796504349,0.05762480842030835,0.18007245996671653,0.18534268946746876
GSM1672600,-0.3119525614708018,-0.504186509338025,-0.3152113326071389,-0.23888551497044558
GSM1672601,-0.5314953391788849,-0.41120416358693684,-0.4239440156432637,-0.3865298270262515
GSM1672602,0.5952747973039848,-0.6389272524702688,0.2417093301477523,0.24154935780222775
GSM1672603,-0.18029268953026883,-0.051756386430948494,0.37378513192976554,0.32216849924490093
GSM1672604,-0.7417687720931703,0.14046222864065838,-0.21169870511234365,-0.23271037444185066
GSM1672605,-0.07343432432485034,-0.40219166859909045,-0.06506697302787992,-0.060359018764316257
GSM1672606,-0.21145365689334605,-0.31611296042375653,-0.22963548674200945,-0.156795231856971
GSM1672607,0.04022026545720762,0.0348787909585365,0.16656520434897104,0.1821687688097628
GSM1672608,-0.05272671784659456,0.8842004524398374,0.0235337153854803,-0.1576487717789266
GSM1672609,0.13928399645016507,0.026738200834689467,-0.021813016832575992,0.0052822365945861816
GSM1672610,0.6420292657188171,0.21970101009544915,0.2652476101829079,0.271531715019655
GSM1672611,0.8856961904136592,0.1793302706628292,1.1602633576300403,1.1724472625634934
GSM1672612,-0.2391360991221285,-0.29025990976806143,0.8097890989728497,0.6193462464234399
GSM1672613,-0.030512192978527815,0.11255424610761704,0.7760322155733433,0.6831014436619363
GSM1672614,0.16932820660975426,-0.6306553039572805,-0.5690371048845115,-0.41208896802900424
GSM1672615,0.15272303528276268,-0.605662847076884,-0.8786806471928039,-0.7815142889158614
GSM1672616,-0.5223352935222808,-0.2697827836807263,-0.3553977220330874,-0.3942262527215342
GSM1672617,0.6586213620137309,-0.05894352354184067,1.328275469063087,1.2789738334681882
GSM1672618,-0.48807075595851457,-0.5813527747309309,-0.5127875475368858,-0.4243811939635874
GSM1672619,-0.08732995900446135,-0.34590872033222453,-0.3511646884032308,-0.26333079030029055
GSM1672620,0.05353828510449018,0.002586068308234409,0.8969370882402059,0.9008889726299754
GSM1672621,0.27714724528962625,0.14015525394050435,-0.614717620582461,-0.5294398025960699
GSM1672622,0.034080926665347754,-0.1220921539350978,-0.36525727355643534,-0.30948156611575217
GSM1672623,0.009265218382494047,-0.3145273612886454,-0.18980019822896108,-0.17372694815218778
GSM1672624,-0.6681294705994916,-0.06008588465657696,0.3935183852781838,0.2522656622474198
GSM1672625,0.6938571959239782,0.15703038834991742,0.08813756771798001,0.15114140495286452
GSM1672626,0.23440952308971497,0.6067597628401228,1.651607880399538,1.5008056310061215
GSM1672627,-0.1930519077427498,-0.25748495861874093,0.25574567123583547,0.1844145960136182
GSM1672628,0.4164304525188419,0.22796770885779022,-0.8257358449894237,-0.7987472904933366
GSM1672629,-0.22597222799305816,-0.49552625525619043,-0.1974251718267216,-0.12377951431905779
GSM1672630,0.897257480858714,0.03431077329826223,0.15150692141632685,0.21451112274331546
GSM1672631,0.38193360776492824,-0.32149542879478554,-0.25605758219864616,-0.16990602006458477
GSM1672632,0.7186845492808865,0.5225655573292153,1.3559328143033182,1.1459259512488962
GSM1672633,-0.4479863336206823,-0.18475186334552443,-0.18790841162013774,-0.15197099216271878
GSM1672634,0.4426025130068796,0.45993145865010365,0.01756666924974976,-0.02333666935817139
GSM1672635,0.5841082909441281,0.40284718827277693,1.4835503918610138,1.4322436123652635
GSM1672636,0.9480111787327121,0.6576751340860612,0.6301851197855478,0.5922696919139894
GSM1672637,-0.5996204485560855,-0.1984725835924848,-0.36777651360423674,-0.3782575863059151
GSM1672638,0.32592293979912396,-0.3192591949997533,-0.3371975569534576,-0.23172917956870515
GSM1672639,0.05579508376653425,-0.7610381870241211,-0.44069806587224775,-0.27038181317004956
GSM1672640,-0.1266904375346566,-0.08408380034775838,-0.028867631969276605,-0.050951901315104145
GSM1672641,-0.21558026734619462,-0.6990375223650755,0.007194101763764813,0.04296604366228334
GSM1672642,0.45872998763911,-0.02828786397603309,-0.021347956780817263,-0.007411542247255862
GSM1672643,0.04267923906307892,-0.1643076870734179,0.3590840823665192,0.28848803226330183
GSM1672644,-0.2936495849868589,0.13926193168206388,0.809313814004154,0.6570702724689725
GSM1672645,-0.6958209158145469,-0.397062531631849,-0.5044952920997524,-0.47667171624154464
GSM1672646,0.010487182587415139,0.2800297628114027,0.9050437992593318,0.7222017621674269
GSM1672647,0.17048411126862156,0.12997252514080204,-0.11459838751181524,-0.1015194774607469
GSM1672648,0.7116423562092353,1.1500671876042556,1.4242538423699644,1.2925777532152005
GSM1672649,0.7633283206683374,0.21605597614112004,0.014999868133769436,0.0591143843381843
GSM1672650,-0.12545574123646974,-0.21699907097394674,-0.2548367252807357,-0.24753444418122142
GSM1672651,-0.39499646470869004,-0.6653313564207636,-0.6449031728522591,-0.5514890909803245
GSM1672652,0.14852276792198243,-0.008932687966127898,1.1028152367701207,1.10889995021657
GSM1672653,0.10453800923175821,-0.5477638401859974,0.31307426946215494,0.2650776008222919
GSM1672654,0.3430520032538737,0.2126161113686137,0.6205937570398603,0.5587456475909213
GSM1672655,-0.08561992363874663,-0.4358731803542435,0.09142709354388248,0.1841354475309726
GSM1672656,0.29862704099165305,-0.13573581816126726,0.07151490376497001,0.11216381756365798
GSM1672657,-0.4423371615684394,-0.15786739920665063,-0.39040593720422323,-0.3538553707369814
GSM1672658,-0.579748764207122,-0.3889002133385344,-0.43864416974170517,-0.4023747542517108
GSM1672659,-0.22061059567105631,-0.13351385772713711,-0.5808522320575188,-0.5781151149371896
GSM1672660,0.7694356873557068,0.11248213886732096,1.29100702910094,1.305264115143173
GSM1672661,-0.24501646931686205,-0.19498208566683747,-0.3328099589869084,-0.2803989016907232
GSM1672662,0.05462451347726301,0.37338048723199985,-0.27161127660119044,-0.3158615217614643
GSM1672663,-0.474772280960014,0.25149937196497635,-0.10298611826144995,-0.20732894906630717
GSM1672664,-0.1897651853765463,0.07846551065260811,-0.35004434791272254,-0.3107497273552128
GSM1672665,-0.09732323205911746,0.023467994786420657,0.09647421711721439,0.10826609390806495
GSM1672666,-0.2279865561976731,0.5923266764284162,0.8432053856710339,0.7478040862138956
GSM1672667,0.10913931251221923,-0.40894811317822277,-0.22733499334596388,-0.16435409080951102
GSM1672668,-0.09093587787620878,0.4651581986865623,0.2515715702309572,0.1528392700627407
GSM1672669,-0.12836960739117723,-0.5794573882805762,-0.7905556617577637,-0.7088179696303565
GSM1672670,-0.08485753938302029,0.15781273607920243,-0.14617016219277915,-0.12713911750858412
GSM1672671,-0.04772297639893661,0.6358014782642543,0.35195531561679017,0.1843880472265132
GSM1672672,0.15667412054969201,-0.0789615819619051,-0.06867439566193712,-0.03970980158903688
GSM1672673,0.032445798834201026,-0.16256147465594425,0.036653850264007894,0.08948780860310686
GSM1672674,0.025853745765447588,0.2281871620466657,-0.09238305547978785,-0.07537934625927738
GSM1672675,0.30214227357087997,-0.046857137963684806,-0.13070084562506926,-0.07545688262704135
GSM1672676,-0.30426988310086633,0.2813855489008178,-0.22326958225800922,-0.3033590729272449
GSM1672677,0.3825279580139938,-0.005351640113651182,0.020324340343926432,0.0652992928953964
GSM1672678,-0.34018938216357486,0.581953066718367,0.8478820623922588,0.6632207691261024
GSM1672679,0.823433352450425,0.22692286942863124,-0.34361319498033166,-0.25824088824224667
GSM1672680,-0.15649567301567974,-0.43901495302207655,0.5988341660172446,0.577284617831789
GSM1672681,-0.7052673897052211,-0.22841417106897957,-0.20774909300479374,-0.2871611403567634
GSM1672682,0.39375952671804415,0.12525867523167336,-0.45002618174589715,-0.41562466533677794
GSM1672683,0.33436305042221226,0.49467371115266123,0.8668320230654077,0.7213099617749332
GSM1672684,0.3328467080714666,0.7385416016284858,0.9194111958802794,0.7235082375791673
GSM1672685,0.2504518401459595,0.7674031776989795,1.0862150644052786,0.8916335518128065
GSM1672686,-0.49643203352747606,0.10083417605379333,0.0461857858986817,0.023863758978487096
GSM1672687,-0.08073579444613747,-0.6656088225232932,-0.6163860196875047,-0.5587089604983388
GSM1672688,-0.015035290983689937,0.677726617848851,1.1408766701931972,1.0172501367769813
GSM1672689,0.18790436598558485,-0.0011252027088935466,0.9239843024422413,0.8459487400816885
GSM1672690,-0.21863306306400682,-0.05509462558175542,0.8914775312696774,0.7756941722557746
GSM1672691,-0.1090898690208689,-0.4343643244336511,-0.34575537705069803,-0.3165346269286514
GSM1672692,0.34862210742873545,0.07722955075890409,-0.2526494685181838,-0.16693289533572528
GSM1672693,-0.10690494446862166,0.48375382103858255,0.4171436948230883,0.3401851192103712
GSM1672694,0.18867003581880962,-0.025595747948187194,0.46727602740571234,0.41460635909980253
GSM1672695,0.07526083225157593,-0.5012495180602914,-0.9419798849865568,-0.8367678309986757
GSM1672696,-0.2760729953131954,-0.5373842621785507,0.7687476547427096,0.747438939296335
GSM1672697,0.13174504799999306,1.423777325917667,1.295972474269547,1.0526381122727366
GSM1672698,-0.34565239575582,-0.4952938271786535,-0.07818791584900868,-0.08920329057442755
GSM1672699,0.5400188690571677,-0.12952493323316228,0.22841200600873515,0.29854530375071964
GSM1672700,-0.1912638619018449,-0.2757044236411878,0.03609684368790398,0.010236852197469126
GSM1672701,0.21332402560636404,0.050646261512490125,0.19589478817527098,0.17867927839205752
GSM1672702,-0.16952369688259103,-0.9370374202270418,0.16488324522054,0.22634944484021008
GSM1672703,-0.04074385041615385,0.016837239038186652,-0.0008350670082590797,-0.018245672729634288
GSM1672704,-0.3407962641586669,-0.3057202716677509,0.3783828169334695,0.4273293080573209
GSM1672705,0.0922336434537435,-1.0113147251090304,-0.275517660605617,-0.14058901692551307
GSM1672706,0.08998274179430185,0.252193938221127,-0.5412954083796561,-0.5410560432632131
GSM1672707,-0.06318783762666699,-0.10325138482989513,-0.28732586640080143,-0.2567917519483943
GSM1672708,-0.3123354884633153,-0.9893488435642022,-0.7121962623053817,-0.6134620531355675
GSM1672709,-0.26432087613738564,-0.30421306731050857,-0.4475123455768633,-0.38892059607741436
GSM1672710,-0.3029324369253606,-0.188319509174707,-0.866534284040533,-0.773373029765832
GSM1672711,-0.5025010691963868,-1.2734259490428579,-1.1169316437027292,-1.023247444330878
GSM1672712,0.22903278096561924,-0.33755808734706577,-0.32654513043827654,-0.22345207212550966
GSM1672713,0.1188432059275172,0.20210680319523347,0.13581035864603822,0.12687112537218137
GSM1672714,1.0195806857169512,0.3015169853323835,0.5467573283093153,0.5137946279634473
GSM1672715,0.1868572126467137,-0.27639962418761344,0.6929086816455602,0.7578742205186666
GSM1672716,-0.2735340043207022,0.26089269902951046,0.898691133016814,0.6912776679596008
GSM1672717,0.0674534186552585,0.533133639180594,-0.18205187922451185,-0.23982963052207462
GSM1672718,-0.4598338286151802,0.4706337455885843,0.025644137966748453,-0.13007038323038644
GSM1672719,-0.5433624512572481,-0.4274975947177735,0.25832674277791706,0.3203914866712938
GSM1672720,-0.2540533710287422,0.1560195902591178,0.532608993872177,0.4644256239736125
GSM1672721,0.2625117724055824,-0.3476207435719839,0.522532815868282,0.5562778862303558
GSM1672722,0.1269303673244613,0.042694729620134535,-0.12330174442230858,-0.104087057652508
GSM1672723,0.48694470280150315,0.3284731705858063,0.14873202495503543,0.15733657881976543
