,0
LINGO2,1.511155116678989e-07
EPGN,2.2602711309622903e-06
DKK1,2.4299031955286532e-06
CD109,3.523769314175105e-06
LOC441869,3.525883885485184e-06
IRX5,1.4383539560590943e-05
DNAH2,2.6272484379824257e-05
INPP5J,3.129069733147616e-05
FGF5,3.8884688597551994e-05
NTSR1,4.223933009228449e-05
KRT6C,4.340591864499079e-05
RGS20,4.679806647019968e-05
NKX2-1,6.177175943795175e-05
SLC47A1,6.476593899013197e-05
IGFBP1,7.208978460278925e-05
CLEC18A,8.550420909199306e-05
CXCL17,8.855005871964674e-05
DNAJB13,9.581397473708784e-05
SIX1,9.875111802465338e-05
BZRAP1,0.00012648737794132193
CLIC6,0.00013089240354783178
GPR172B,0.000133624868195482
RTL1,0.0001379398842852791
SLC4A8,0.00016324738859959629
PNPLA7,0.00018488429035859444
KRT6A,0.00018916031641621683
CDH26,0.00020484958940619288
DNALI1,0.00022252361573058303
PPP1R3G,0.000229019365158315
RHCG,0.00023957312904623158
IDO2,0.0002441493839723406
CHAD,0.0002766615493549887
GPC6,0.0003090654653159918
C20orf197,0.00031659190599783905
CMAH,0.0003406133117041896
GDF15,0.00034846893477273496
GADD45G,0.0003573961548469404
MUC20,0.0003772346018662249
SDK1,0.00039837603948512495
GABRA2,0.00041176469004193213
GYLTL1B,0.0004163690777272901
HABP2,0.00043131918720304646
FLNC,0.000440218190793796
C12orf39,0.0004643915736530937
SLC24A5,0.0004685825227490827
WFDC2,0.0004702150935865509
KLHDC7A,0.00047277770559002555
LOC283070,0.0004942618193202586
BAIAP3,0.0005112092082416246
SFTA3,0.0005207311938353302
ELF5,0.0005388608943918284
TMEM45B,0.0005440006769961459
KRT6B,0.0005507064549030484
ARNTL2,0.0005624563633302872
MEP1A,0.0006125674806288633
CAMK1D,0.0006176496575603086
GLS2,0.0006524253041836979
CCDC151,0.0006544035738473892
C1QL2,0.0006562737664234934
CCDC40,0.0006755917372430136
IGF2BP1,0.0007039058533641725
BPIL1,0.000721692048197104
PDE6B,0.0007413162175960468
C19orf36,0.0007562473451269534
C11orf92,0.0007983747313064007
CHST5,0.0007995514040605546
SFTPB,0.0008200095602070344
C9orf173,0.0008399571466377185
ESYT3,0.0008936759617850456
NTS,0.0009275079104049787
CREG2,0.0009473906601094008
AMT,0.0009556651495163605
CRHR2,0.000984813651363053
GGT3P,0.0010524079067677744
FSCN1,0.001082867402936887
PCP2,0.0010867367635498078
AKAP12,0.0011094939255883115
TTC16,0.001127117893063568
SH3TC2,0.0011356077783820015
CCDC153,0.001154095558630994
HS3ST2,0.001168625848607609
NOXA1,0.0012117923274832679
LRRC10B,0.0012212811030174995
C9orf128,0.0012486140892461414
NAPSA,0.0013051315766594571
C11orf93,0.0013642698020111625
KLHDC9,0.0013715252544261249
TNNC2,0.0013918004630777369
KIAA1324,0.0014043527704704032
FOXL2,0.0014291909527613593
SLC44A4,0.0014345404683613824
CIDEC,0.001441040090389366
CLDN3,0.0014950088664477722
KCNF1,0.0015354041859188916
RRN3P1,0.0015628857601034053
C10orf81,0.0015777205255130748
PCDH7,0.0015977340455670473
CARNS1,0.0016064523041495033
BEST4,0.0016067897678879064
LMO3,0.001622652297075541
CNGA3,0.0016832494872233757
SRCIN1,0.0016888625928607808
EPHX1,0.0017056952243371505
FRMPD2,0.0017335210766361805
KLHL32,0.001760260078126617
BEGAIN,0.0017977428334932939
TRPA1,0.0018189292838708974
ACSM5,0.0018265674870588263
GOLGA2B,0.001999766549505066
CASP14,0.0020456106570777973
KRT14,0.002079236147409352
IGFALS,0.0020961377210900467
ASAM,0.0021275488205047357
PHLDB2,0.002141427906947841
C1orf168,0.002201909457734947
COL4A6,0.002287222237486721
CCDC114,0.002413141613021921
ZNF682,0.002425080334960999
SULT1C2,0.0024619386390805987
FAM83B,0.00252666175847852
CAPS,0.0025965141972286248
ANO3,0.0026073843109788507
KLHL4,0.0026085312685113315
TSPAN11,0.002680425068748577
PARP15,0.0026885768848812484
UNC5D,0.0027007606122029792
WNK2,0.002724479640964075
TMPRSS2,0.002729040093551975
CNTN3,0.0027515662883213898
ALX1,0.002754527271800158
ALOX15B,0.002797545704854829
KLK11,0.002807122046618191
FAM178B,0.002814189591300099
LOXL2,0.0028184291597644104
CKMT2,0.002993473992896635
SLC26A5,0.0030363737980612384
ADH7,0.0030466505737665223
FAM179A,0.003111823125248039
EREG,0.0031205086352800054
MAL,0.0031225649988078515
FOSL1,0.0031429325618769254
CPXM2,0.0031568523366728276
KCNG1,0.003174170802240495
MS4A1,0.0031914418542382974
RIBC1,0.0032308768603057677
DSG3,0.0033065173671767666
SPAG8,0.0033250397024921427
RSPO3,0.0033403534582010235
HAS2,0.0034033921705869065
CTSH,0.003598750110900943
PNMA2,0.0036135236715407683
UMODL1,0.003618387005057733
ESPN,0.0036328338235286904
ST6GALNAC1,0.0036385659561890644
CAPN13,0.0037351735210525267
COL9A2,0.003738898370094129
STC1,0.003810620567228836
TTC25,0.0038228187416184914
HTRA4,0.003855591111668711
SLC34A2,0.003868255328707973
SH2D5,0.0038696850873949536
C16orf89,0.0038890716116965597
FCAMR,0.003908503535442827
LOC284276,0.003992584078060356
SHISA2,0.0040041526561424325
FST,0.0040270359122024195
TEX15,0.0041432518920788775
MST1,0.004215569201241456
C21orf128,0.004246189894362556
TTC18,0.004248385205715244
SLC16A1,0.004347683406344652
EFHC2,0.004427908302324681
P2RX1,0.004626297142816926
CYP2D6,0.004630534117997361
TRPC2,0.0046335195155949105
KRT15,0.004754649067119992
SERPINB5,0.004790966589711688
CBFA2T3,0.004843316628214626
GJB3,0.004963438895676143
TMEM151B,0.004972679157091062
DNAH5,0.00498692065556504
C16orf74,0.005010999552158047
C1orf88,0.005058644246157704
RAB27B,0.0050983972669130925
HOXA7,0.005112157655522401
TDRD10,0.005135009158182283
NR0B2,0.005145726290084846
BEND5,0.005210883460628544
STK33,0.005228568316472591
MAPK4,0.0052579131513413166
LAMC2,0.005348753104060272
ERO1LB,0.00536129827920743
GLB1L2,0.005470674126038989
KCNK5,0.005477525203954996
GGTLC1,0.00548823313893107
GPR98,0.005498553312675251
C20orf114,0.005561865126508762
STOX1,0.005567737817914783
CRLF1,0.005589483765204398
PARM1,0.005654498757674451
RGN,0.005696457357295708
TFF3,0.005851638061892672
LOC145837,0.005862341677329746
HLA-DOB,0.005875794478762778
SLC6A15,0.006027546221459573
ATG9B,0.006038751374379345
SMPD3,0.006053817632160017
CCDC154,0.006080779824218163
EPHX3,0.006089116694334031
TMEM163,0.006143453272244108
B3GNT8,0.006164929221139452
IRF4,0.0062351707529706155
LDHD,0.006237261982238523
PIPOX,0.006283278347058393
PHYHD1,0.006294220640106441
SBK1,0.006363177228306342
DEGS2,0.006377351200483576
HPN,0.006405496864440455
ZMAT1,0.006460119919205298
C11orf16,0.0065298618115903935
IRX3,0.006649554136305222
HLA-DPB2,0.006680430983226591
C1orf230,0.006705125434679964
FAM40B,0.006951092095833835
F2,0.007048184537235935
AMY2B,0.007051697376692101
KLK8,0.007079570563916989
CES3,0.007138776572749071
MEI1,0.007288604420841943
CAPN12,0.007337910486174372
LOC283174,0.00742631901751468
NAV3,0.007453696875490465
PTX3,0.00753975129782526
KIF19,0.007541780925827494
UCA1,0.007610289708541076
PRSS45,0.007634472033783638
C3orf72,0.0077139082915269235
TG,0.007748043552303738
KRT40,0.007891549354142975
ABCC2,0.008041627036381541
WBSCR26,0.008108635695016955
CD79A,0.00813917227857689
KYNU,0.008145600691114379
PAPL,0.00816193741935623
LOC151174,0.008178770472252902
TMC5,0.008211725558986962
CAPN3,0.008284067493825677
ASCL2,0.008312099308158741
STK32A,0.008320635052131726
TM4SF20,0.008340098471396575
HSPB9,0.00836423778665697
BIRC3,0.008441615246583213
TMEM130,0.00846036636456955
SERPINA6,0.008525567916171544
CES8,0.008529503287363191
MYOZ1,0.008585524147479371
SCML2,0.008653893536236426
C1orf127,0.008677723236190557
RAET1G,0.008765613290248761
TMPRSS4,0.008778729860743722
CYP17A1,0.008869505753676774
WFIKKN2,0.009067957466151728
FAM189A2,0.009143142254633953
SFTA2,0.009159932754357671
CD70,0.009229375398934559
CD19,0.009230716124519282
VGLL3,0.009244843219288725
NUP210L,0.009263560079121607
MYLK3,0.009370544590963707
MGAT5B,0.009450577434519564
WDR86,0.009490411812920976
PCDHB17,0.009538973674717543
NAPSB,0.009554734867282215
VWA2,0.009579365876286685
TRIM29,0.009591053507905121
LST-3TM12,0.009593110968447657
PKP2,0.009604222766243068
CLEC18B,0.009607583203068626
MPV17L,0.009650220600995147
SCN2A,0.009680849283703
FLRT2,0.009706172646352308
C12orf68,0.009803302373046486
PCP4L1,0.00981815275300612
RSPH9,0.009837848189083993
LTK,0.00986497755143555
BEX5,0.009890889572401144
TTLL2,0.00992066772352904
CPA4,0.009961299259463353
EFS,0.010009493277286318
CALB2,0.010041839571800212
PTPRR,0.010103008778354869
C1orf228,0.010125678343003054
RAP1GAP,0.01023836242452144
ALK,0.010283732676573254
LAMA3,0.010298892068255504
NSUN5P1,0.01039438725938411
TEPP,0.010418999978738607
SHCBP1,0.010495469446964797
ADM,0.010526861244734082
GGH,0.0105533312870297
TH,0.010556652986541947
POPDC3,0.010607684517405477
DNAH1,0.010624777530098523
DLEC1,0.010680660614098926
MGC45800,0.010735062564547105
SCNN1B,0.010764402547721636
NEFL,0.010856100363963127
C8orf80,0.010861912017625583
KCNV1,0.010895865994352938
LOC646851,0.010966229310808978
RNF183,0.010997544464089256
ARL14,0.011071958670103176
AQP3,0.011096369441684559
TM4SF19,0.01117761669256584
CYP2B7P1,0.011287856536195259
CD164L2,0.011298612638868869
GPRIN2,0.011329509183764717
ABCC8,0.011455514658080538
TSPAN32,0.011713762764029639
CCDC146,0.011721900938859865
TMED7-TICAM2,0.011793599078391252
PLOD2,0.011870389166249329
ENO3,0.011904483474312935
CASC5,0.011910249877794469
GUCA2B,0.011974209278565334
ZNF662,0.01197729011797256
BNC1,0.012038034138961571
CRYGN,0.012039586545262099
NWD1,0.012054733517799508
GAS2L2,0.01220893071002387
LYPD3,0.012248409732420085
PTPLA,0.012324343792711613
B4GALT6,0.012331075810205339
FAIM2,0.012332559643976164
COL28A1,0.012365860544084529
FUT2,0.012434618169855548
KLK13,0.012435548365063937
SDR42E1,0.012458366449531284
ZNF541,0.012492373614738143
KIAA1257,0.01251029203642077
REEP2,0.01256852449769236
KIAA0125,0.012607739684251454
CCDC33,0.012694411921138531
PIP5KL1,0.012708052236098888
ZNF750,0.01290899672046843
CLEC17A,0.012909714169338565
LRRC43,0.012951464509353921
CLCN1,0.013064871126970268
POTEF,0.01313917187311669
UCKL1AS,0.013172127818091576
RASSF10,0.013197286398210219
NOS3,0.013210891954830942
LRMP,0.01345315263192956
FCRL1,0.013580271186069734
AVIL,0.013642261067113259
KLK12,0.013665791860358514
CELF6,0.013700757722988654
GFRA3,0.013782619797902252
EPHA2,0.013837316896226411
LOC729668,0.01387845447281343
SGSM1,0.013913581655707236
GGT6,0.013926406528422409
FAM166B,0.013972981812138668
ADAMTS15,0.014108145262710321
PRR11,0.01411729232506998
LIPK,0.014185688964262607
IL17REL,0.014187992839603368
KIF12,0.014265276164877598
GIPR,0.01429549315224706
PDE10A,0.014421890328182169
REC8,0.014510859818649696
TMEM213,0.014512183492412156
ELOVL3,0.014602521989555433
NLRP2,0.01463108672168543
GJA1,0.014729094821360764
CHIA,0.014763193944851045
GLB1L3,0.015130810394538256
MAPK15,0.015238371298438028
STAP1,0.015256857627367578
PRMT8,0.01534605602095001
PPAP2C,0.015355398880732316
LPPR1,0.015490024778214605
C6,0.015496026857037708
BEND6,0.015536245894779992
ATAD3C,0.015555521021577857
MSMB,0.015563931407003025
WBSCR27,0.015583905062661
KSR2,0.015595570259200997
KLK5,0.01564756245077295
ACHE,0.015652735027779457
TMEM59L,0.015661302543960837
C16orf71,0.015714865863755166
KCNJ11,0.015752379224838405
HNF1B,0.015811564990689683
CCNO,0.01594382081534316
SH2D1B,0.01600869697403631
KIAA1529,0.01605040990499332
CAPNS2,0.016200178662663045
ID1,0.01635334977565399
TEKT2,0.016561396139529214
FAM92B,0.016643672029585485
C2orf50,0.01681998931598005
FOXL1,0.016886312484306654
FCGBP,0.016910685499182444
DNAH12,0.017002638145221283
LOC100131434,0.017071508259506863
ATP8A1,0.017149044689344077
ENTPD8,0.01715937275734958
PAX9,0.01721197995756897
ATP6V0A4,0.017215090190709877
C14orf39,0.017332000145766833
FAM149A,0.017339412151549754
FMO3,0.017475593436768803
FLG,0.017525501114762795
LOC284837,0.01754221916114506
SCGB3A1,0.017545741097023435
IGFBP2,0.017560628834448384
CALHM3,0.017658018143956337
KCNA6,0.017742441694652163
C9orf68,0.017844637590944745
ANXA10,0.017914852003096365
LOC441177,0.01797222541376135
SVOPL,0.017995257815389423
VSIG2,0.017995533103215215
MST1P2,0.018126844367723403
CEL,0.018179863434090206
BIRC7,0.018201859553963952
GRM4,0.018392802823505465
SELENBP1,0.01840773831508069
HES6,0.018553252588283296
GREB1L,0.018575332046013044
HLF,0.01859104689739749
ANLN,0.01866785126256235
MAP6,0.018687351842527806
PABPC1L,0.01869237852470345
PCSK9,0.018768819406375956
MGC16703,0.01879917888855197
SOX2,0.018837120058831335
TEKT5,0.018866973794527717
C14orf34,0.01899518022576255
CNTN1,0.01919852408404675
FAM3D,0.01927128025351512
NELL2,0.019329899751073545
TOX3,0.019435894405999642
C8orf47,0.019546016558536303
SLCO1B1,0.019547412167030667
C9orf117,0.019568941203117918
TRIM7,0.019627590365318102
CCNA2,0.019648586862344542
ABCA3,0.019659594745479434
FGF18,0.019673144546562667
SOX15,0.0197098195326224
CHIT1,0.01974877424280041
MS4A8B,0.019789363765916744
TNFRSF6B,0.01979403490333904
FGF2,0.019885443130911933
FAM72A,0.0200078340424213
CCDC78,0.020109971548870873
TRIM54,0.02013317039390831
GRAMD1B,0.020349345321396407
DAPK2,0.020361473004380147
CPT1B,0.020373352827079347
C2orf62,0.020514119968445804
GPR37,0.02053368191399951
ODZ3,0.020820057489947898
B3GALT2,0.020858657279504204
C17orf72,0.020867744653198284
KIAA0802,0.020872408537849555
DUSP26,0.020908897142182276
PATL2,0.02091129414226581
GOLGA8A,0.020964657958173913
SPINLW1,0.021000648231712188
C4BPA,0.02103185171864774
FAM27C,0.021037598067665614
TMEM63C,0.021082762333646126
CACNA1D,0.021133765647088687
TMEM233,0.021206132507804728
ADAMTS5,0.021377179157465533
ENPP3,0.02138454359873119
TMEM215,0.021450748623498685
C17orf50,0.021516312603978113
LIMS3-LOC440895,0.021536556517283627
SLC16A11,0.021617435309356108
FBN2,0.021674644070708682
TLR10,0.021747196478035958
CHKB-CPT1B,0.02189063095526055
ZNF257,0.021988902238771514
GPR143,0.02207261999023553
FAM196A,0.022133160759513566
CLDN8,0.022147047709691944
MT1A,0.022207231171619306
LOC100130331,0.022221599403989656
GALNT6,0.022322839265556598
DNAH3,0.022352572064350516
FCRLA,0.02241648704482643
ABCC6,0.022468065524458326
PAQR5,0.02252072198831205
SMPDL3B,0.022579835194994787
AIFM3,0.022657379315387517
KIF14,0.022776985512728633
MYCBPAP,0.022838596554903997
VTCN1,0.022856414777168117
TNS4,0.022951808327853197
C9orf98,0.023142379858754066
KLF4,0.023457707071012315
TAS1R1,0.023468451277518378
FAM131C,0.02351646337276539
PLA2G3,0.023620945348194346
UPK1B,0.023750797927846883
NTF3,0.023982880432386777
ATP12A,0.02417520457993695
LPHN2,0.02436877594134389
ANKRD43,0.0243828887507561
HPCA,0.024425235742647797
ADM2,0.024450432908310598
CLCNKA,0.024467443589561037
LRRC66,0.02448089467900506
CD27,0.024543264868859327
GSTA3,0.024553714059421906
KNDC1,0.024575223496631465
C16orf79,0.024674201882072075
ADH1C,0.0247014667432414
CR1L,0.024745775820147912
PLIN5,0.02480535979922211
DERL3,0.02492553115717056
HSF4,0.024944161665818268
BFSP2,0.024958652007528337
C11orf66,0.025017208454460503
PIGR,0.025131242814255945
RGS11,0.02524697891311026
SULT1A2,0.025316875864155576
WFDC3,0.02536465951356371
FLJ40330,0.025519746063320563
ABCC6P1,0.02564627782147466
KLHL35,0.025712618960925412
NR3C2,0.02574613110540428
FLJ42875,0.025918420716928958
FGF12,0.02626726275041175
LRRC16B,0.026410953159124208
KIR2DL3,0.02642940313490192
C9orf135,0.026682347801317747
FCRL2,0.0267617620734798
SERPINB11,0.02677532557907981
SRPX,0.02684590847214747
AGBL4,0.026980361114405604
LOC283663,0.027120948583407873
C10orf90,0.02717869684469164
GAS2,0.027204516407161854
CCDC60,0.02731885286604628
CCDC17,0.02739727075100422
SP6,0.027440072795131398
TAC4,0.02747358943461598
KRT16,0.027504108513549508
HMMR,0.027527136735314157
ABCA13,0.027528306722598577
NT5E,0.027618534532894288
KLK6,0.027841809290540042
C4orf47,0.027902496342999256
IRX2,0.02791263127221747
LOC619207,0.027994083043636247
PLEKHG7,0.028101753431421756
HOXB9,0.02810933059843837
DNASE2B,0.028185766174087506
CRYM,0.02824765950695685
RORC,0.0283755018458274
CYP4B1,0.028386633450637803
NCAM2,0.02850145555080792
DEPDC1,0.028552546716448166
SLC17A9,0.028572069006817653
FAM65B,0.028575140935208184
TNFRSF17,0.02858002093062393
CCDC108,0.028597982622957426
CAV1,0.028611569925114197
MFI2,0.028681081466498348
HPCAL4,0.028687854890977416
GRIP1,0.02884779535677363
MFSD4,0.028880588977382857
POTEE,0.02895667807127962
L1CAM,0.02906444287441932
TWIST2,0.029137749014117167
YSK4,0.029162619676306126
HIST1H3G,0.029194565155101222
CAV2,0.029237516215342672
ITIH4,0.029367736658255705
TNFRSF13B,0.029756381561919006
POU2AF1,0.029824039582264854
CHST8,0.030183139846182563
CHRNA1,0.030195981913021173
LPHN3,0.030232462367280694
ELOVL6,0.03027129077757167
HLA-DQB2,0.03044413752947182
TREML2,0.030448094311187012
FBXO17,0.030486523605373766
EFCAB10,0.03065268846763966
MEF2B,0.030694781961142874
ATP10B,0.030717812788149838
PROM1,0.030734433806741752
IPCEF1,0.03073979091790769
HTR2B,0.03081629905386624
C11orf21,0.03086016435838099
IGJ,0.030876069105620272
GNMT,0.030924851258750566
KCNQ1,0.031008776551559505
FAM3B,0.031053198740595558
SPATS1,0.031064527649902807
RHPN1,0.03120398896649778
TMEM132D,0.03131672916404872
FOXJ1,0.03156133628528362
SPRR1B,0.03158656279132171
AMBP,0.031830252776207324
CDC20B,0.03183386578842714
LOC100128675,0.031854705469579275
NPAS2,0.03188339721402872
ADAM33,0.031890617578896545
NHLRC4,0.03189526457605266
C6orf154,0.03189728818658931
C11orf41,0.03190330854561444
CLDN2,0.031970443071219073
C6orf176,0.032180560880891315
DIRAS2,0.03221569180058261
HS3ST6,0.03224941395139549
NCRNA00162,0.03225418832187173
RPS6KA6,0.03248261007810399
TTLL9,0.03254136976966448
CNNM1,0.032572362852289656
SLCO1B3,0.032586567184111376
CD79B,0.032812745263872
ANGPTL4,0.03287843490026292
NLGN1,0.03288701831679646
PNMA3,0.03288924197961048
S100A7,0.03290850605310813
SNTN,0.03299274184729759
FGA,0.033150163127123024
GRIK3,0.03334922691817613
BCAN,0.03338775274223336
C1orf114,0.03350246666026955
LRRC48,0.03361908001633898
ANO4,0.033624457469238776
TEKT3,0.033785225348255746
C7orf57,0.03384143497569111
CX3CL1,0.03398956783036763
SPATA18,0.03403793669819791
GPR64,0.03407110257381779
CYP4X1,0.03430464524608375
UPF0639,0.034795831993282275
FIBCD1,0.03504053436209113
PER3,0.035068646187356695
PAX5,0.03508896148466988
CENPE,0.03509111632052558
FAM72D,0.03521071649055071
CCDC89,0.03522097116862292
FABP5,0.03527321164237764
SPRR2A,0.0354255147413101
TGFB2,0.03576036256690878
SLCO4C1,0.03612556086484845
FAM72B,0.036137348491924605
PLA2G10,0.036208778516651
BAI1,0.03638977497239381
PKHD1L1,0.036413875623284596
FAM181A,0.0364252967539422
CD207,0.03645790270766432
TCTE1,0.03648533983889285
ADHFE1,0.03654795758399397
CNFN,0.036585297334058256
E2F7,0.03669331096306156
RSPH10B2,0.036734075568714754
CCDC65,0.036759887244338575
KCNIP3,0.03682655959260385
MS4A14,0.03690720178034336
SHC2,0.03694373256098867
LCN2,0.036966622629790113
SYT2,0.03710711066062425
C1orf194,0.037108445355896795
NGF,0.037151715802828
IRX4,0.03716492384447574
TMEM195,0.037274041414351027
FHAD1,0.03728059434974494
POLR2J2,0.03732460517953085
VWA3B,0.03749639445577954
SOX2OT,0.03752347764004917
ABLIM3,0.03766057907565804
PPM1E,0.0379483405399511
MYH15,0.037990374676141955
CDH15,0.03808765721814763
COMP,0.038185015786874305
CDC25A,0.03834148683376835
LONRF2,0.038675709621533924
CR2,0.0387366538937941
C1orf158,0.038741758598174185
S100A12,0.0388303936953386
CENPK,0.03922906260700972
VCAN,0.039248429724035076
SFRP1,0.03957823810613116
COL11A2,0.039903872885129435
WDFY4,0.03994166478416995
NEUROD1,0.04002824528778639
KCNRG,0.04007139242769122
S100A3,0.040289236076649575
SIK1,0.040295529105651866
EXO1,0.04037675820816159
FAM129C,0.04037692703987645
GPR133,0.040526274328165815
FIGNL2,0.040560795379351325
TSHR,0.040708962019353624
ABCA17P,0.04073870366560358
NUDT11,0.04076819044704938
C21orf88,0.04079693573732204
SYCP2,0.040865412828482564
SLC6A3,0.041085514932567804
AWAT2,0.04128633241380248
CCDC13,0.041368971937498056
FER1L5,0.04142142178969919
C4orf7,0.04162377682554659
CDK1,0.041652548267542396
FCRL5,0.0417151329803506
FAM95B1,0.041858766925550205
LRRC26,0.04211931956760868
RIMBP2,0.042266856033891916
LY6K,0.04229070560277963
ADAM6,0.042679897707762426
SERPINF2,0.04268746008168743
LPAR3,0.04279643314243775
GPR81,0.0428623873179922
LRRC46,0.04301390471277916
ROPN1B,0.04301412722350454
JSRP1,0.04311408056639972
PDIA2,0.04314707549391444
PCP4,0.04324778986389121
MBL1P,0.043284305509284214
SLC13A5,0.043522568303103235
ICAM4,0.043832918161076165
NLRP11,0.0440094864109934
LPCAT1,0.04402480910538135
SLC7A8,0.04413819516617011
ALS2CR11,0.04417749562569534
TBC1D10C,0.04420307358088333
CMYA5,0.04436418597670631
IGF2BP3,0.04460636725516242
AQP6,0.0448175536556543
HOXA1,0.04485669965734273
AKR7A3,0.04513606515241824
PLK1,0.04516626539481411
RASSF9,0.04517884496373603
CCDC37,0.045204863115734004
RIMKLA,0.04528822079009829
GJA3,0.04535412758527541
ASPM,0.04540446215230597
MYH7B,0.04543221470246413
HSD17B3,0.04547245706819521
C9orf152,0.04554469891525044
TPX2,0.04559705694294538
ARHGAP11B,0.045617851795978145
C3orf15,0.045683276407925556
ANKK1,0.045714640247356476
CD40LG,0.04590514451487503
FUT3,0.04593058067841696
DLGAP5,0.04595971205665576
RTDR1,0.046087838280259155
NRXN3,0.04616976246009155
PAQR6,0.04633388173781904
LOC92973,0.046402880032344614
KCNH2,0.046407632095181305
HCN2,0.04668850360879772
PPIEL,0.04676561625115718
GOLGA6L5,0.046769024072695585
CLCA1,0.04681136660046501
GSTA1,0.04689845568092588
B3GNT7,0.04696119394212943
IL20RB,0.04712140457818117
BLK,0.04732468222520059
AUTS2,0.04733856832661481
RGMA,0.04737121362041665
TEKT4,0.04741262809907967
IL5RA,0.047444161203681126
INSL4,0.04745628307069264
AOX1,0.047704359921401276
CDH10,0.04779982413846997
C12orf74,0.04781196734862692
NR4A2,0.04784933824407979
RND2,0.04785618999724043
C1orf141,0.04785930755745798
MKI67,0.04819969153589822
WNT16,0.04830981627772823
ANXA2P3,0.048358671531422474
C10orf95,0.04842199040499079
UGT2A1,0.04845482747240837
CRTAC1,0.04858374051860161
MALL,0.0488368895104067
P704P,0.04884002394104465
AHNAK2,0.04885653027418877
UNC5CL,0.048858980685629536
CCDC129,0.048954450273113126
MUSTN1,0.049121306198603526
UCK2,0.04939041441226596
SLC14A2,0.04961552734283345
SLC25A27,0.049839443480970164
MORN3,0.04989710225819356
GPR116,0.050128857300171636
DNAJC12,0.05023542138252967
ZAP70,0.05043173515186573
VPREB3,0.050601028197707607
LOC100131726,0.05061163586362589
WFDC6,0.05065359476001503
FABP3,0.05084428357547324
GPR27,0.05085068325467848
TMEM139,0.05096820490497957
AKR7L,0.05100562577764383
ITGA2,0.051012693376228435
KIT,0.05102326614460466
ODZ1,0.05111355761729188
STAG3,0.0513593189052281
HS3ST1,0.05160431839525495
FABP6,0.05162477338725485
HLA-J,0.05184317792181458
HIST1H2BH,0.05191427762846096
CPS1,0.05192508957112138
OIP5,0.05197601657869202
MARCH4,0.05205697185411898
ESPNP,0.05207581854323629
KLRB1,0.05216444359375513
ZSCAN1,0.05216874750206036
C19orf33,0.05220819818255813
MAD2L1,0.052238343620462195
GLI3,0.052347285074919786
C2orf65,0.052402671782067846
AREG,0.052422317686690575
PIP,0.05251055156290974
MT3,0.05253641782916504
GPR115,0.05257027455972857
CYP2A13,0.05258881293563941
SERPINI2,0.05261836014694542
ACBD7,0.05291143399760318
LTC4S,0.052925695267536835
COL6A4P2,0.05305817854392061
VIPR1,0.05306354209389582
RELN,0.053458478365817415
KIR2DL1,0.05367159275780944
HOXA13,0.05367585221198623
SCIN,0.053735805977308336
PI15,0.05392898706241455
C8B,0.053932707305108935
LILRA2,0.05417184507113599
SLC1A7,0.05423824116102914
IGFBPL1,0.05429009542555537
PLIN4,0.05453877282870938
NEAT1,0.05478245884356049
FLJ45445,0.054933212906497456
GPR162,0.0549871312201841
SPAG17,0.055222302843076464
ALOX15,0.055235082114296764
C1orf95,0.05530548109776689
PPP1R1C,0.05543868713112491
FCRL6,0.05553276698081637
C11orf53,0.05554189341482658
RPL19P12,0.05579463746922014
MYBPHL,0.05657940631061972
HOPX,0.056766116616244595
GSTT2,0.05689711421324308
LOC100216001,0.05695011896456035
WFDC10B,0.05700920245903731
BDNF,0.05724226113087816
EYA2,0.05726722681604369
CDA,0.05730080280759424
AIM1L,0.05758850301280718
C1orf189,0.05789762124456185
CEP55,0.05798967999978902
SLC26A4,0.05820934261972563
CA10,0.05823110681720852
ZMYND10,0.05838510519537875
HEPACAM2,0.05850001811088825
TRPM5,0.058534967403781335
LOC285629,0.058729696137508856
RTN4RL2,0.058751234738106665
SBSN,0.05893406215454701
HLA-DPB1,0.058952287535733075
GPT,0.05896547452927388
TXLNB,0.05896707196213978
PKIB,0.0590302147644669
RHCE,0.05915830748874959
RGS7BP,0.05933654531333335
XKRX,0.059337162199518456
FNDC5,0.05943882060684491
WDR49,0.059545008197647895
COL12A1,0.059559618128585956
RRM2,0.05960817538158018
ADAMTS1,0.05962538614199927
FLJ26850,0.05964218398735594
KRTAP3-1,0.05972978329278928
EFCAB6,0.05989783867525084
F2RL1,0.05994002993372108
SFTA1P,0.05994423629646029
CYP1A1,0.06000691621867844
APOD,0.06004728599337887
KBTBD12,0.06007691629241781
ADAMTS12,0.06020358199791652
HSD17B13,0.06054026335431614
VSIG10L,0.06056775116293791
PKIA,0.060608463135237836
HTR1D,0.060641139918481086
TTLL10,0.06081731756898918
MMP16,0.06084497010662477
EPS8L3,0.06087284629258122
FAM83D,0.06119283329580427
PALM3,0.06122444145107112
SLC6A20,0.06125961526938555
CAMK2N1,0.06139187581945837
AQP5,0.061425459361144345
DST,0.06154876962838765
TRIM46,0.06156996236669407
PCDHGA1,0.06157224778714682
DHDH,0.06163178816682115
ADRA2A,0.061783726725757236
C4orf22,0.061793826987460235
C1orf135,0.06195877501324217
DYDC1,0.062002508572802456
CPNE5,0.06231495515191337
NCRNA00173,0.06253397902656546
DNAH6,0.06254333013848225
CLECL1,0.06260734423690513
LOC653786,0.06294394596327582
CCNB1,0.06321056269976835
C20orf151,0.06355078652283436
NEFM,0.06364238972812485
SPNS3,0.06368573131892129
PLA2G4D,0.06369208376718231
GSTO2,0.06372155937638757
PNOC,0.06374261854733375
ANXA8,0.06388199079093569
ZSCAN4,0.06390636589466597
LCN10,0.06394726892489548
SRPK3,0.06401025726579397
ANXA1,0.06437822974153688
FOXM1,0.06439748915698029
CYP2E1,0.06455047248834278
IKZF3,0.06457745200389949
ACOXL,0.06464254823356828
SPEF1,0.0647952566278349
C18orf16,0.06493454937452901
PSG3,0.06501979036486179
PRC1,0.06519592618832397
PRDM16,0.06532585431646169
PCDHGA7,0.06534923408311322
PRG2,0.06543222324343957
MYH16,0.065457145007623
CYP2D7P1,0.06549835154693667
MTL5,0.06554131770384919
LOC157381,0.06576300979197468
FBN3,0.06588745266151173
ITGB4,0.06599731411666301
B4GALNT3,0.0660526492074296
CACNA2D2,0.06608509914313865
ZNF204P,0.06611086341137597
IGLON5,0.06621914021253698
SH2D6,0.06661367400511933
ECT2L,0.06690293652908082
GJB2,0.0669442092589944
PDE3A,0.06719911378741868
HOXD11,0.067274959267691
KCTD14,0.06727533457944518
PLUNC,0.06762365143591999
DPCR1,0.06763617539651298
RAB26,0.06800352507910076
C15orf42,0.06806115822556609
CYP4Z2P,0.06817272324512946
NOS1,0.06820962113723744
CDKL2,0.0683715583955646
GRIN2A,0.06845060720337523
KLF15,0.06850679034201924
COL21A1,0.06856075626404007
CYP27A1,0.06890678281049394
PLD4,0.06908486969071019
TNFRSF13C,0.06908933777950407
CELF3,0.06909749445530847
LRRC50,0.06921059401136954
GPR1,0.06925837399959743
LOC284798,0.06934930388108927
TNFSF12-TNFSF13,0.06940620478200471
PTGDS,0.06942895416270999
FOXA1,0.06950994961696479
DRD2,0.06955322838423346
FIGN,0.06960612729626459
KIAA1751,0.069610171257932
UCN3,0.0696693612702619
LOC654433,0.06966984663593327
FADS6,0.0697253674900792
C4orf31,0.06973162854161988
TCHH,0.0697560090503675
FGF13,0.06994256116719075
GRIK2,0.07000572123068673
ANKRD45,0.07023638469621521
COL8A2,0.07076104618371896
ELOVL2,0.07077011829992455
TMEM61,0.07094838254080367
CXCR5,0.07128413558774517
SLC16A4,0.07137048840386746
SUSD4,0.07161493938390882
PAX8,0.07177641067452925
SEMA4G,0.07178597367304888
LOC643763,0.07201352520228403
OR2W3,0.07229785884055022
